keyword,keywordType,category,subcategory,traffic,categoryRank,mostClickedOrganicAsin,mostClickedSpAsin,firstPageOrganicCoverage,firstPageSpSOV,overallSpSOV,overallSpACOS,overallSbSOV,overallSbACOS,duration
farmley almond,COMPETITOR,"Grocery-Dried Fruits, Nuts & Seeds",Almonds,1K-5K,418,B08CN8L53P,B0992KMQYL,29.61,28.07,25.05,46.74,47.18,0.00,7days
nuts about you,COMPETITOR,"Grocery-Dried Fruits, Nuts & Seeds",Almonds,100-1K,558,B06WVBRCJ4,B01LZ5DFW2,8.98,24.92,21.98,43.20,17.76,0.00,7days
nutraj almond,COMPETITOR,"Grocery-Dried Fruits, Nuts & Seeds",Almonds,100-1K,600,B07JN5QNSK,B0992KMQYL,12.23,31.32,29.51,15.19,43.26,4.04,7days
farmley,COMPETITOR,"Grocery-Dried Fruits, Nuts & Seeds",Almonds,100-1K,611,B08R2V4SMH,B09MM96YC4,5.63,2.73,3.83,0.00,22.01,0.00,7days
tulsi almonds,COMPETITOR,"Grocery-Dried Fruits, Nuts & Seeds",Almonds,100-1K,730,B011IMA5X0,B0992KMQYL,18.00,26.73,25.00,15.36,54.67,0.00,7days
farmley dry fruits,COMPETITOR,"Grocery-Dried Fruits, Nuts & Seeds",Almonds,100-1K,1039,B09MM96YC4,B08CN984Q4,23.02,16.98,17.02,11.66,32.28,33.81,7days
nutraj almonds,COMPETITOR,"Grocery-Dried Fruits, Nuts & Seeds",Almonds,100-1K,1529,B07JN5QNSK,B0992KMQYL,17.96,31.13,29.53,0.00,43.82,0.00,7days
farmley almonds 1kg,COMPETITOR,"Grocery-Dried Fruits, Nuts & Seeds",Almonds,100-1K,1767,B08P2W57NL,B09HRZ45SQ,27.10,27.24,25.97,0.00,45.15,0.00,7days
paper boat almond,COMPETITOR,"Grocery-Dried Fruits, Nuts & Seeds",Almonds,100-1K,2011,B09GWH5XXD,B09WRMDZ3G,3.58,0.00,0.57,0.00,17.65,0.00,7days
nuts about you almond,COMPETITOR,"Grocery-Dried Fruits, Nuts & Seeds",Almonds,100-1K,2027,B06X6GSBMR,B0946R39YB,29.26,20.44,19.34,0.00,59.62,0.00,7days
tulsi almonds 1kg,COMPETITOR,"Grocery-Dried Fruits, Nuts & Seeds",Almonds,100-1K,2227,B01HBRBWHY,B0992KMQYL,20.05,30.12,28.44,0.00,55.70,0.00,7days
himalayan natives almonds,COMPETITOR,"Grocery-Dried Fruits, Nuts & Seeds",Almonds,100-1K,2562,B096KVCCT4,B09TQYN2DT,27.34,12.95,11.48,0.00,53.85,0.00,7days
paper boat almonds,COMPETITOR,"Grocery-Dried Fruits, Nuts & Seeds",Almonds,100-1K,2601,B09GWH5XXD,B09WRMDZ3G,7.02,6.96,6.48,0.00,16.14,0.00,7days
nutraj almond 500gm,COMPETITOR,"Grocery-Dried Fruits, Nuts & Seeds",Almonds,100-1K,2611,B01ABTZZEU,B07GQNM6N2,24.52,27.78,26.61,0.00,64.11,0.00,7days
loyka almond brittle brownie,COMPETITOR,"Grocery-Dried Fruits, Nuts & Seeds",Almonds,100-1K,2912,B08Q7R85X6,B08Q7R85X6,31.50,5.95,5.21,0.00,36.40,0.00,7days
farmley almonds 500gm,COMPETITOR,"Grocery-Dried Fruits, Nuts & Seeds",Almonds,100-1K,2915,B08CN8L53P,B084884GKX,33.23,28.19,27.94,0.00,45.50,0.00,7days
paper boat roasted almonds,COMPETITOR,"Grocery-Dried Fruits, Nuts & Seeds",Almonds,100-1K,3020,B09GWH5XXD,B09WRMDZ3G,8.82,0.00,0.00,0.00,16.89,0.00,7days
tulsi almond,COMPETITOR,"Grocery-Dried Fruits, Nuts & Seeds",Almonds,100-1K,3247,B011IMA5X0,B0992KMQYL,25.07,28.05,27.01,0.00,57.20,0.00,7days
rostaa almonds,COMPETITOR,"Grocery-Dried Fruits, Nuts & Seeds",Almonds,100-1K,3351,B00SF81HP6,B08XXNVH7Q,24.26,24.18,20.00,0.00,60.20,0.00,7days
nutraj almond 1kg,COMPETITOR,"Grocery-Dried Fruits, Nuts & Seeds",Almonds,100-1K,4092,B07JN5QNSK,B0992KMQYL,21.11,34.02,33.33,0.00,47.20,0.00,7days
sft almonds 1kg pack,COMPETITOR,"Grocery-Dried Fruits, Nuts & Seeds",Almonds,1-100,4355,B075MGLPMK,B0992KMQYL,27.31,37.37,0.00,11.74,44.78,0.00,7days
tulsi mamra almonds,COMPETITOR,"Grocery-Dried Fruits, Nuts & Seeds",Almonds,1-100,4407,B07GYJ764Q,B08J2Y66LV,13.30,18.46,16.44,0.00,44.07,0.00,7days
farmley raisins,COMPETITOR,"Grocery-Dried Fruits, Nuts & Seeds",Almonds,1-100,4429,B08R2X1W15,B08CNB4DMR,14.67,33.17,32.76,0.00,50.00,0.00,7days
wonderland almond,COMPETITOR,"Grocery-Dried Fruits, Nuts & Seeds",Almonds,1-100,4753,B01M8KANZR,B0992KMQYL,30.52,19.57,15.71,0.00,44.57,0.00,7days
paperboat almonds,COMPETITOR,"Grocery-Dried Fruits, Nuts & Seeds",Almonds,1-100,5344,B09WRMDZ3G,B09GWH5XXD,15.92,27.08,27.00,0.00,38.14,0.00,7days
nutraj almonds 500g,COMPETITOR,"Grocery-Dried Fruits, Nuts & Seeds",Almonds,1-100,5442,B015RTRRX6,B099T7TWX7,40.74,41.00,40.32,0.00,61.16,0.00,7days
ramu mamra,COMPETITOR,"Grocery-Dried Fruits, Nuts & Seeds",Almonds,1-100,5573,B073SV86PJ,B09SB4XYNR,6.48,4.12,3.42,0.00,16.48,0.00,7days
farmley berry mix,COMPETITOR,"Grocery-Dried Fruits, Nuts & Seeds",Almonds,1-100,5630,B09LD3ZB96,B09LD3ZB96,4.74,0.76,0.68,0.00,26.03,0.00,7days
fruitri almonds,COMPETITOR,"Grocery-Dried Fruits, Nuts & Seeds",Almonds,1-100,5856,B07LDSZ6FG,B09Q2CW669,15.16,9.43,0.00,0.00,0.00,0.00,7days
paperboat roasted almonds,COMPETITOR,"Grocery-Dried Fruits, Nuts & Seeds",Almonds,1-100,5916,B09QGTVT5B,B09WRMDZ3G,10.69,8.70,0.00,0.00,0.00,0.00,7days
pepper boat dry fruits,COMPETITOR,"Grocery-Dried Fruits, Nuts & Seeds",Almonds,1-100,5989,B09FT7FWTY,B09WRMXP9Z,2.29,0.00,0.00,0.00,16.88,0.00,7days
nutraj mamra almonds,COMPETITOR,"Grocery-Dried Fruits, Nuts & Seeds",Almonds,1-100,6289,B081JLH3LM,B099F7ZBWK,11.90,20.78,16.19,0.00,43.94,0.00,7days
honey glazed almonds paper boat,COMPETITOR,"Grocery-Dried Fruits, Nuts & Seeds",Almonds,1-100,6476,B09FT9B72L,B09QGTVT5B,9.05,0.00,0.00,0.00,0.00,0.00,7days
dry fruits tulsi,COMPETITOR,"Grocery-Dried Fruits, Nuts & Seeds",Almonds,1-100,6899,B011IMA5X0,B08DGB9X3B,19.10,20.00,21.05,0.00,51.72,0.00,7days
farmly badam,COMPETITOR,"Grocery-Dried Fruits, Nuts & Seeds",Almonds,1-100,7543,B0992KMQYL,B09GNV7YZM,34.09,0.00,0.00,0.00,0.00,0.00,7days
wonderland almonds 1kg,COMPETITOR,"Grocery-Dried Fruits, Nuts & Seeds",Almonds,1-100,7564,B079CG584T,B0992KMQYL,10.34,28.13,26.39,0.00,51.72,0.00,7days
tulsi roasted almonds salted,COMPETITOR,"Grocery-Dried Fruits, Nuts & Seeds",Almonds,1-100,7634,B01MRU2MLJ,B0992KMQYL,13.03,25.71,23.40,0.00,31.58,0.00,7days
lokya almond brittle,COMPETITOR,"Grocery-Dried Fruits, Nuts & Seeds",Almonds,1-100,7925,B08NWYSCJJ,B08Q7R85X6,24.89,17.44,17.27,0.00,44.55,0.00,7days
farmely,COMPETITOR,"Grocery-Dried Fruits, Nuts & Seeds",Almonds,1-100,8162,B08CN882JT,B09MM96YC4,4.01,0.00,0.00,0.00,0.00,0.00,7days
almond brittle loyka,COMPETITOR,"Grocery-Dried Fruits, Nuts & Seeds",Almonds,1-100,8254,B08Q7R85X6,B08NWYSCJJ,23.98,21.55,19.72,0.00,0.00,0.00,7days
tulsi almond 1kg,COMPETITOR,"Grocery-Dried Fruits, Nuts & Seeds",Almonds,1-100,8538,B07JN5QNSK,B0992KMQYL,29.67,35.00,30.43,0.00,44.44,0.00,7days
almond paper boat,COMPETITOR,"Grocery-Dried Fruits, Nuts & Seeds",Almonds,1-100,8966,B0B2BBKNX1,B09GWH5XXD,5.75,0.00,0.00,0.00,0.00,0.00,7days
paperboat smoked almonds,COMPETITOR,"Grocery-Dried Fruits, Nuts & Seeds",Almonds,1-100,9138,B09GWH5XXD,B09GWH5XXD,7.27,14.63,0.00,0.00,0.00,0.00,7days
fruitri premium quality dry fruits 1kg packs,COMPETITOR,"Grocery-Dried Fruits, Nuts & Seeds",Almonds,1-100,9204,B08ZJHTT9T,B08FGCYHF3,0.00,10.00,9.29,0.00,15.38,0.00,7days
natraj almond,COMPETITOR,"Grocery-Dried Fruits, Nuts & Seeds",Almonds,1-100,9468,B01ABTZZEU,B0758JYQVL,11.76,0.00,0.00,0.00,0.00,0.00,7days
ramu badam,COMPETITOR,"Grocery-Dried Fruits, Nuts & Seeds",Almonds,1-100,9778,B07NYB3HWM,B09MG979B3,12.73,6.67,0.00,0.00,0.00,0.00,7days
paper boat absolute health fruit and nut supermix,COMPETITOR,"Grocery-Dried Fruits, Nuts & Seeds",Almonds,1-100,10082,B09QGTVT5B,B09WRMXP9Z,7.08,1.22,1.11,0.00,13.27,0.00,7days
almond rostaa,COMPETITOR,"Grocery-Dried Fruits, Nuts & Seeds",Almonds,1-100,10102,B0992KMQYL,B0992KMQYL,36.29,20.00,15.79,0.00,60.87,0.00,7days
almonds 1kg offers low price tulsi,COMPETITOR,"Grocery-Dried Fruits, Nuts & Seeds",Almonds,1-100,10702,B09M6RRYDM,B09NBYQG17,15.07,50.82,49.23,0.00,55.07,0.00,7days
nutraj dry fruits,COMPETITOR,"Grocery-Dried Fruits, Nuts & Seeds",Cashews,1K-5K,229,B07JN5QNSK,B07BKRDDN4,3.60,0.75,3.59,11.74,30.81,0.00,7days
farmley cashew,COMPETITOR,"Grocery-Dried Fruits, Nuts & Seeds",Cashews,1K-5K,544,B08R2V4SMH,B01LZ5DPXD,19.29,9.85,8.89,0.00,42.09,0.00,7days
nutraj cashew,COMPETITOR,"Grocery-Dried Fruits, Nuts & Seeds",Cashews,100-1K,704,B07CK575ZB,B07CK575ZB,13.37,18.10,17.44,24.41,39.11,0.00,7days
tata cashew,COMPETITOR,"Grocery-Dried Fruits, Nuts & Seeds",Cashews,100-1K,840,B09GNSDZVW,B09GNSDZVW,19.58,31.29,30.17,0.00,40.43,0.00,7days
tata sampann cashew,COMPETITOR,"Grocery-Dried Fruits, Nuts & Seeds",Cashews,100-1K,1208,B09GNT1PBZ,B09GNSDZVW,21.57,7.90,7.71,0.00,12.48,0.00,7days
paper boat cashew,COMPETITOR,"Grocery-Dried Fruits, Nuts & Seeds",Cashews,100-1K,1522,B0B2BL4RRR,B09WRMXP9Z,3.96,0.19,0.17,0.00,14.01,0.00,7days
touchstone cashew,COMPETITOR,"Grocery-Dried Fruits, Nuts & Seeds",Cashews,100-1K,1801,B0B3S2KWF2,B078MBFYPM,15.55,6.59,5.94,0.00,46.20,0.00,7days
molsi cashew,COMPETITOR,"Grocery-Dried Fruits, Nuts & Seeds",Cashews,100-1K,2402,B08MVYXCF5,B08MY2DJ5G,14.09,2.79,2.47,0.00,51.87,0.00,7days
wonderland cashew,COMPETITOR,"Grocery-Dried Fruits, Nuts & Seeds",Cashews,100-1K,2405,B07H8BRXHP,B0946R39YB,22.10,17.49,17.35,0.00,50.66,0.00,7days
nutraj+dry+fruits,COMPETITOR,"Grocery-Dried Fruits, Nuts & Seeds",Cashews,100-1K,2434,B07BKRDDN4,B082VDMCQ5,2.55,19.41,18.23,0.00,19.63,0.00,7days
himalayan natives cashew,COMPETITOR,"Grocery-Dried Fruits, Nuts & Seeds",Cashews,100-1K,2728,B096KRPHPY,B09TQYVMHY,27.76,3.54,3.20,1.06,49.29,0.00,7days
cashew tata sampann,COMPETITOR,"Grocery-Dried Fruits, Nuts & Seeds",Cashews,100-1K,2969,B09GNSDZVW,B07GQWS1BS,30.45,9.64,9.56,0.00,17.70,0.00,7days
tata kaju,COMPETITOR,"Grocery-Dried Fruits, Nuts & Seeds",Cashews,100-1K,3064,B09GNSDZVW,B09GNT1PBZ,25.79,44.00,42.21,0.00,53.15,0.00,7days
farmley cashew 500gm,COMPETITOR,"Grocery-Dried Fruits, Nuts & Seeds",Cashews,100-1K,3151,B08PDFTVWJ,B08487XKYR,20.36,33.33,30.06,0.00,41.52,0.00,7days
tata cashew 500 gm,COMPETITOR,"Grocery-Dried Fruits, Nuts & Seeds",Cashews,100-1K,3181,B09GNSDZVW,B08487XKYR,19.24,32.52,32.16,16.69,49.72,0.00,7days
tata,COMPETITOR,"Grocery-Dried Fruits, Nuts & Seeds",Cashews,100-1K,3289,B09GNSFRVC,B0B8CYQCTV,0.32,3.44,11.25,0.00,25.27,0.00,7days
cashew tata,COMPETITOR,"Grocery-Dried Fruits, Nuts & Seeds",Cashews,100-1K,3622,B09GNSDZVW,B09GNT1PBZ,19.42,28.93,27.07,0.00,52.68,0.00,7days
farmley cashews,COMPETITOR,"Grocery-Dried Fruits, Nuts & Seeds",Cashews,100-1K,3635,B08R2V4SMH,B01LZ5DPXD,15.51,11.36,12.30,0.00,27.59,0.00,7days
molsi,COMPETITOR,"Grocery-Dried Fruits, Nuts & Seeds",Cashews,100-1K,3704,B08MWQFZJ7,B09ZF2N6MK,7.95,0.00,0.00,0.00,10.29,0.00,7days
paper boat mixed nuts,COMPETITOR,"Grocery-Dried Fruits, Nuts & Seeds",Cashews,100-1K,3741,B09QGTVT5B,B09WRMXP9Z,6.24,0.47,0.42,0.00,11.31,0.00,7days
nutraj cashew 500gm,COMPETITOR,"Grocery-Dried Fruits, Nuts & Seeds",Cashews,1-100,4353,B07GQW1HHN,B082622T73,19.48,30.33,26.62,0.00,31.68,0.00,7days
cashew nutraj,COMPETITOR,"Grocery-Dried Fruits, Nuts & Seeds",Cashews,1-100,4445,B07CK575ZB,B08487XKYR,26.77,19.19,18.45,0.00,34.29,0.00,7days
nataraj dry fruits,COMPETITOR,"Grocery-Dried Fruits, Nuts & Seeds",Cashews,1-100,4459,B013U6IJNU,B09QGTVT5B,15.09,7.25,9.09,0.00,47.33,0.00,7days
molsis cashews,COMPETITOR,"Grocery-Dried Fruits, Nuts & Seeds",Cashews,1-100,4579,B08XXHLHBZ,B08XXHLHBZ,26.75,8.94,10.37,0.00,51.15,0.00,7days
tata cashew 500g,COMPETITOR,"Grocery-Dried Fruits, Nuts & Seeds",Cashews,1-100,4706,B09GNT1PBZ,B09GNT1PBZ,21.25,22.22,22.22,0.00,6.78,0.00,7days
tata sampann kaju,COMPETITOR,"Grocery-Dried Fruits, Nuts & Seeds",Cashews,1-100,4713,B09GNT1PBZ,B09GNT1PBZ,21.17,13.25,12.61,0.00,12.26,0.76,7days
natraj kaju,COMPETITOR,"Grocery-Dried Fruits, Nuts & Seeds",Cashews,1-100,4833,B07CK575ZB,B08487XKYR,19.37,44.05,42.39,0.00,48.42,0.00,7days
paper boat roasted nuts,COMPETITOR,"Grocery-Dried Fruits, Nuts & Seeds",Cashews,1-100,5176,B09WRMXP9Z,B09WRMXP9Z,4.51,0.00,0.00,0.00,18.45,0.00,7days
tata sampann kaju 500gm,COMPETITOR,"Grocery-Dried Fruits, Nuts & Seeds",Cashews,1-100,5177,B09GNSDZVW,B09GNSDZVW,28.93,10.89,11.02,0.00,15.67,0.00,7days
sft cashew,COMPETITOR,"Grocery-Dried Fruits, Nuts & Seeds",Cashews,1-100,5262,B075PB7LXQ,B07GQW1HHN,24.96,7.48,5.76,0.00,46.67,0.00,7days
pureheart cashew,COMPETITOR,"Grocery-Dried Fruits, Nuts & Seeds",Cashews,1-100,5315,B01LZ5DPXD,B08D7C9QZZ,19.66,14.17,13.64,0.00,27.91,0.00,7days
farmown cashew,COMPETITOR,"Grocery-Dried Fruits, Nuts & Seeds",Cashews,1-100,5448,B07X9NLL8T,B09GNSDZVW,24.58,8.86,8.43,0.00,58.89,0.00,7days
nutraj cashews 500g,COMPETITOR,"Grocery-Dried Fruits, Nuts & Seeds",Cashews,1-100,5510,B07CK575ZB,B07GQW1HHN,31.50,32.04,31.36,0.00,38.46,0.00,7days
tata cashew 1kg,COMPETITOR,"Grocery-Dried Fruits, Nuts & Seeds",Cashews,1-100,5817,B09GNSDZVW,B09GNSDZVW,25.67,40.00,35.29,0.00,55.00,0.00,7days
nutraj kaju,COMPETITOR,"Grocery-Dried Fruits, Nuts & Seeds",Cashews,1-100,6241,B07CK575ZB,B01LPY9PHI,10.87,40.63,39.71,0.00,42.62,0.00,7days
tata sampann cashew 500 gm,COMPETITOR,"Grocery-Dried Fruits, Nuts & Seeds",Cashews,1-100,6448,B09GNV7YZM,B09GNSDZVW,17.16,3.51,3.48,0.00,4.86,0.00,7days
molsi kaju,COMPETITOR,"Grocery-Dried Fruits, Nuts & Seeds",Cashews,1-100,6463,B08MY3TD9V,B08XXHLHBZ,27.71,24.39,24.44,0.00,53.33,0.00,7days
kaju nutraj,COMPETITOR,"Grocery-Dried Fruits, Nuts & Seeds",Cashews,1-100,6472,B07DL7V78V,B08487XKYR,17.39,60.00,54.55,0.00,0.00,0.00,7days
tata sampann cashew 500g,COMPETITOR,"Grocery-Dried Fruits, Nuts & Seeds",Cashews,1-100,6548,B09GNSDZVW,B09GNSDZVW,25.39,10.61,0.00,0.00,0.00,0.00,7days
tata sampann cashews 500gm,COMPETITOR,"Grocery-Dried Fruits, Nuts & Seeds",Cashews,1-100,6840,B09GNT1PBZ,B09GNSDZVW,21.79,12.44,12.00,0.00,16.85,0.00,7days
tata cashews,COMPETITOR,"Grocery-Dried Fruits, Nuts & Seeds",Cashews,1-100,6977,B09GNSDZVW,B09GNSDZVW,16.86,29.89,28.16,0.00,38.89,1.29,7days
natraj badam,COMPETITOR,"Grocery-Dried Fruits, Nuts & Seeds",Cashews,1-100,7278,B07JN5QNSK,B0992KMQYL,8.49,40.00,0.00,0.00,0.00,0.00,7days
paper boat kaju,COMPETITOR,"Grocery-Dried Fruits, Nuts & Seeds",Cashews,1-100,7718,B0BJ7FXQY7,B09WRMXP9Z,6.27,1.43,2.13,0.00,19.12,0.00,7days
nutraj cashew nuts 1 kg packet offers,COMPETITOR,"Grocery-Dried Fruits, Nuts & Seeds",Cashews,1-100,8746,B082622T73,B082622T73,16.03,39.02,27.69,0.00,47.89,0.00,7days
paperboat roasted cashews,COMPETITOR,"Grocery-Dried Fruits, Nuts & Seeds",Cashews,1-100,9302,B0B2BL4RRR,B09R933FM8,12.37,0.00,5.66,0.00,46.15,0.00,7days
tata sampan dry fruits,COMPETITOR,"Grocery-Dried Fruits, Nuts & Seeds",Cashews,1-100,9316,B09GNSFRVC,B09GNT1PBZ,15.42,0.00,0.00,0.00,0.00,0.00,7days
tata kaju 500gm,COMPETITOR,"Grocery-Dried Fruits, Nuts & Seeds",Cashews,1-100,9515,B09GNSDZVW,B09GNSDZVW,23.44,60.98,54.72,0.00,50.77,0.00,7days
tata sampan cashew,COMPETITOR,"Grocery-Dried Fruits, Nuts & Seeds",Cashews,1-100,9606,B09GNV7YZM,B09GNT1PBZ,18.66,0.00,0.00,0.00,0.00,0.00,7days
tata sampan kaju,COMPETITOR,"Grocery-Dried Fruits, Nuts & Seeds",Cashews,1-100,9864,B09GNSDZVW,B09GNSDZVW,21.25,0.00,0.00,0.00,0.00,0.00,7days
sft dry fruits and nuts,COMPETITOR,"Grocery-Dried Fruits, Nuts & Seeds",Pistachios,1K-5K,335,B075X3N2W9,B09WRMXP9Z,8.40,11.33,9.74,0.00,18.43,0.00,7days
natraj dry fruits,COMPETITOR,"Grocery-Dried Fruits, Nuts & Seeds",Pistachios,1K-5K,441,B07JN5QNSK,B01LZ5DFW2,6.82,15.71,12.87,0.00,39.82,0.00,7days
sft,COMPETITOR,"Grocery-Dried Fruits, Nuts & Seeds",Pistachios,100-1K,676,B075MGLPMK,B09HTWBZ66,6.92,3.52,2.41,0.00,9.38,0.00,7days
nutraj pistachios,COMPETITOR,"Grocery-Dried Fruits, Nuts & Seeds",Pistachios,100-1K,795,B07DL8YV85,B015T5A7NK,23.87,43.81,42.06,62.61,32.59,0.00,7days
tulsi pistachios,COMPETITOR,"Grocery-Dried Fruits, Nuts & Seeds",Pistachios,100-1K,1057,B01NCIHFCU,B08487WD3J,37.29,63.71,55.46,0.00,48.19,0.00,7days
gourmia pistachios,COMPETITOR,"Grocery-Dried Fruits, Nuts & Seeds",Pistachios,100-1K,1338,B01N3C3RQ9,B08487WD3J,12.67,49.69,47.18,13.60,50.73,0.00,7days
vinnie pistachio,COMPETITOR,"Grocery-Dried Fruits, Nuts & Seeds",Pistachios,100-1K,2072,B09R3ZMS8F,B0B4B4T88X,31.46,48.94,41.27,0.00,48.40,0.00,7days
dry fruits nutraj,COMPETITOR,"Grocery-Dried Fruits, Nuts & Seeds",Pistachios,100-1K,2956,B07CK575ZB,B07BKRDDN4,7.21,22.77,21.75,0.00,34.43,0.00,7days
gourmia dry fruits,COMPETITOR,"Grocery-Dried Fruits, Nuts & Seeds",Pistachios,100-1K,3567,B074P1GL74,B09961RZ7V,5.48,21.31,20.79,0.00,34.40,0.00,7days
gourmia,COMPETITOR,"Grocery-Dried Fruits, Nuts & Seeds",Pistachios,100-1K,3653,B01N3C3RQ9,B0992MLYPH,7.49,44.33,40.34,11.22,28.19,0.00,7days
nutraj dry fruits combo pack,COMPETITOR,"Grocery-Dried Fruits, Nuts & Seeds",Pistachios,100-1K,3690,B07JN5QNSK,B07BKRDDN4,8.89,2.50,3.57,0.00,20.42,0.00,7days
natraj pista,COMPETITOR,"Grocery-Dried Fruits, Nuts & Seeds",Pistachios,1-100,4349,B015T5A7NK,B015T5A7NK,21.12,38.21,35.88,0.00,30.00,0.00,7days
tulsi pistachios 200g,COMPETITOR,"Grocery-Dried Fruits, Nuts & Seeds",Pistachios,1-100,5395,B01N5XGSMA,B01LZ5DFW2,29.25,63.37,58.68,0.00,45.92,0.00,7days
nutraj pistachios 500gm,COMPETITOR,"Grocery-Dried Fruits, Nuts & Seeds",Pistachios,1-100,5479,B07DL8YV85,B08487WD3J,29.72,60.00,54.46,0.00,60.33,0.00,7days
tulsi pista 500gm,COMPETITOR,"Grocery-Dried Fruits, Nuts & Seeds",Pistachios,1-100,6227,B01NCIHFCU,B09N9BY4DC,22.85,41.82,40.68,0.00,45.00,0.00,7days
nutraj pistachios 1kg,COMPETITOR,"Grocery-Dried Fruits, Nuts & Seeds",Pistachios,1-100,6290,B09LMFG98Q,B08487WD3J,33.15,30.65,28.21,0.00,56.41,0.00,7days
pista nutraj,COMPETITOR,"Grocery-Dried Fruits, Nuts & Seeds",Pistachios,1-100,6317,B09YYRGM4T,B015T5A7NK,18.34,38.98,38.10,0.00,31.75,0.00,7days
tulsi pistachios roasted salted 500g,COMPETITOR,"Grocery-Dried Fruits, Nuts & Seeds",Pistachios,1-100,6782,B01NCIHFCU,B08487WD3J,37.36,62.86,58.14,0.00,61.22,0.00,7days
fruitri pista,COMPETITOR,"Grocery-Dried Fruits, Nuts & Seeds",Pistachios,1-100,6853,B08YX7PKN7,B07MDDK89V,2.05,19.30,21.31,0.00,30.30,0.00,7days
anjeer nutraj,COMPETITOR,"Grocery-Dried Fruits, Nuts & Seeds",Pistachios,1-100,6904,B0BC9NFYTG,B013U6IJNU,4.36,7.87,6.67,0.00,7.03,0.00,7days
natraj dry fruits combo pack,COMPETITOR,"Grocery-Dried Fruits, Nuts & Seeds",Pistachios,1-100,7328,B0176WD7F4,B07BKRDDN4,9.09,7.61,8.04,0.00,26.60,0.00,7days
pista tulsi,COMPETITOR,"Grocery-Dried Fruits, Nuts & Seeds",Pistachios,1-100,7517,B01N5XGSMA,B01LZ5DFW2,26.65,50.70,43.16,10.32,47.93,0.00,7days
nutraj mixed dry fruits,COMPETITOR,"Grocery-Dried Fruits, Nuts & Seeds",Pistachios,1-100,7614,B07MRF83JT,B09MM96YC4,18.86,4.35,9.26,0.00,50.00,0.00,7days
nutraj anjeer dry fruits 1kg offer big size,COMPETITOR,"Grocery-Dried Fruits, Nuts & Seeds",Pistachios,1-100,7627,B099XCNSC5,B013U6IJNU,3.28,1.27,1.01,0.00,2.06,0.00,7days
sft pista,COMPETITOR,"Grocery-Dried Fruits, Nuts & Seeds",Pistachios,1-100,7746,B01LZ5DFW2,B07QXDHHMP,28.17,47.27,46.03,0.00,44.93,0.00,7days
nutraj pista 1kg,COMPETITOR,"Grocery-Dried Fruits, Nuts & Seeds",Pistachios,1-100,9343,B015T5A7NK,B0992MLYPH,14.68,35.59,33.33,32.80,47.73,0.00,7days
lagom pistachio unsalted,COMPETITOR,"Grocery-Dried Fruits, Nuts & Seeds",Pistachios,1-100,10858,B09B3WPYML,B09B3WPYML,18.98,48.57,0.00,0.00,0.00,0.00,7days
"paper boat premium california pistachio, salted pista",COMPETITOR,"Grocery-Dried Fruits, Nuts & Seeds",Pistachios,1-100,11480,B0B4B4T88X,B0B4B4T88X,14.35,13.33,14.14,0.00,13.64,0.00,7days
"fruitri pistachios kernels without shell, sada pista 250",COMPETITOR,"Grocery-Dried Fruits, Nuts & Seeds",Pistachios,1-100,12253,B07QZLRWHC,B099SZ6JD8,18.23,45.00,0.00,0.00,0.00,0.00,7days
tulsi pistachios 1kg,COMPETITOR,"Grocery-Dried Fruits, Nuts & Seeds",Pistachios,1-100,15233,B01NCIHFCU,B08487WD3J,23.48,33.33,0.00,2.83,0.00,0.00,7days
sft chilgoza dry fruits 250g,COMPETITOR,"Grocery-Dried Fruits, Nuts & Seeds",Pistachios,1-100,15856,B086ZVVG54,B086ZVVG54,0.38,0.00,0.00,0.00,0.00,0.00,7days
tulsi figs dry fruits 1kg offer big size,COMPETITOR,"Grocery-Dried Fruits, Nuts & Seeds",Pistachios,1-100,16438,B01LL2BK72,B0BMVZNTC2,0.00,3.70,3.23,0.00,3.13,0.00,7days
paper boat pistachios,COMPETITOR,"Grocery-Dried Fruits, Nuts & Seeds",Pistachios,1-100,18355,B0B97WNSRQ,B0B97WNSRQ,0.45,16.00,17.24,0.00,16.67,0.00,7days
nutraj walnuts,COMPETITOR,"Grocery-Dried Fruits, Nuts & Seeds",Walnuts,1K-5K,206,B07P56M78L,B07P56M78L,11.05,2.54,2.74,0.00,15.93,0.00,7days
tulsi walnuts,COMPETITOR,"Grocery-Dried Fruits, Nuts & Seeds",Walnuts,1K-5K,356,B074Y1GGD2,B07LF8HCLL,11.75,18.88,18.62,0.00,24.92,0.00,7days
tulsi walnut,COMPETITOR,"Grocery-Dried Fruits, Nuts & Seeds",Walnuts,100-1K,870,B01HBRBY5E,B01LWJQ6KJ,7.49,27.12,24.71,14.78,19.82,0.00,7days
natraj walnuts 1kg,COMPETITOR,"Grocery-Dried Fruits, Nuts & Seeds",Walnuts,100-1K,1073,B07P56M78L,B013U6HANA,4.29,18.72,17.43,0.00,14.27,0.00,7days
farmley walnut,COMPETITOR,"Grocery-Dried Fruits, Nuts & Seeds",Walnuts,100-1K,1145,B08CN991JM,B01ABU07GU,6.72,16.99,16.74,0.00,18.05,0.00,7days
tulsi walnut kernels,COMPETITOR,"Grocery-Dried Fruits, Nuts & Seeds",Walnuts,100-1K,1327,B01HBRBY5E,B0758D65W6,7.96,19.18,16.86,0.00,17.14,0.00,7days
sft walnut,COMPETITOR,"Grocery-Dried Fruits, Nuts & Seeds",Walnuts,100-1K,1348,B075NNQ91J,B013U6HANA,3.35,9.41,9.64,0.00,16.40,0.00,7days
fruitri walnut,COMPETITOR,"Grocery-Dried Fruits, Nuts & Seeds",Walnuts,100-1K,1431,B07N8DWM3T,B08QG2X363,4.59,10.51,12.54,0.00,18.32,0.00,7days
nutraj walnut,COMPETITOR,"Grocery-Dried Fruits, Nuts & Seeds",Walnuts,100-1K,1625,B07P56M78L,B013U6HANA,12.26,19.29,18.30,0.00,14.99,0.00,7days
tulsi california walnuts,COMPETITOR,"Grocery-Dried Fruits, Nuts & Seeds",Walnuts,100-1K,1671,B01HBRBY5E,B0B1V3TMBG,12.90,24.75,22.94,0.00,21.63,0.00,7days
go walnut,COMPETITOR,"Grocery-Dried Fruits, Nuts & Seeds",Walnuts,100-1K,1763,B06X6KRZW1,B06X6KRZW1,5.28,5.34,4.20,0.00,26.76,0.00,7days
natraj walnut,COMPETITOR,"Grocery-Dried Fruits, Nuts & Seeds",Walnuts,100-1K,1812,B0176WD7F4,B07P56M78L,8.58,0.74,1.45,0.00,25.83,0.00,7days
walnut tulsi,COMPETITOR,"Grocery-Dried Fruits, Nuts & Seeds",Walnuts,100-1K,1849,B01HBRBY5E,B0758JDCYB,7.67,18.97,18.36,0.00,29.10,0.00,7days
vale of kashmir walnut,COMPETITOR,"Grocery-Dried Fruits, Nuts & Seeds",Walnuts,100-1K,2124,B08P7QW24Q,B0758JGL2C,2.18,8.97,9.27,0.00,15.89,0.00,7days
naturoz walnut,COMPETITOR,"Grocery-Dried Fruits, Nuts & Seeds",Walnuts,100-1K,2304,B075QGB966,B075QGB966,9.72,19.05,16.36,0.00,37.45,0.00,7days
nutraj walnut 1kg,COMPETITOR,"Grocery-Dried Fruits, Nuts & Seeds",Walnuts,100-1K,2497,B09FGT3DJZ,B013U6HANA,1.32,17.50,15.25,0.00,15.14,0.00,7days
walnuts nutraj,COMPETITOR,"Grocery-Dried Fruits, Nuts & Seeds",Walnuts,100-1K,3085,B0176WD7F4,B07P56M78L,9.06,5.88,5.33,0.00,18.78,0.00,7days
sft walnuts,COMPETITOR,"Grocery-Dried Fruits, Nuts & Seeds",Walnuts,100-1K,3305,B075NNQ91J,B075NSDLKB,10.86,18.34,17.26,0.00,19.92,0.00,7days
walnut sft,COMPETITOR,"Grocery-Dried Fruits, Nuts & Seeds",Walnuts,100-1K,3328,B075NNQ91J,B07P56M78L,11.14,15.38,15.00,0.00,38.05,0.00,7days
tulsi walnuts 1kg without shell,COMPETITOR,"Grocery-Dried Fruits, Nuts & Seeds",Walnuts,100-1K,3337,B077GS8L61,B07P56FQCW,3.09,9.43,9.42,7.77,4.23,0.00,7days
fruitri dry fruits,COMPETITOR,"Grocery-Dried Fruits, Nuts & Seeds",Walnuts,100-1K,3533,B0B9N5TJM5,B08ZJHTT9T,0.64,4.14,2.85,0.00,18.70,0.00,7days
go organic walnuts,COMPETITOR,"Grocery-Dried Fruits, Nuts & Seeds",Walnuts,100-1K,3578,B06X6KRZW1,B06X6KRZW1,2.45,16.10,16.46,0.00,22.35,0.00,7days
walnut nutraj,COMPETITOR,"Grocery-Dried Fruits, Nuts & Seeds",Walnuts,100-1K,3643,B013U6HANA,B0176WD7F4,17.69,8.82,7.64,0.00,18.24,0.00,7days
walnuts 1kg without shell nutraj,COMPETITOR,"Grocery-Dried Fruits, Nuts & Seeds",Walnuts,100-1K,3724,B013U6HANA,B01ABTZXQ0,1.77,7.14,7.43,0.00,4.66,0.00,7days
natraj walnuts 250 grams,COMPETITOR,"Grocery-Dried Fruits, Nuts & Seeds",Walnuts,100-1K,3853,B01ABU05XK,B01ABU07GU,7.91,31.11,28.07,0.00,31.65,0.00,7days
sft walnuts 1kg without shell,COMPETITOR,"Grocery-Dried Fruits, Nuts & Seeds",Walnuts,100-1K,3877,B075NNQ91J,B07LFH2JNR,1.13,15.00,14.62,0.00,7.75,0.00,7days
nutraj walnut kernels,COMPETITOR,"Grocery-Dried Fruits, Nuts & Seeds",Walnuts,100-1K,3982,B0176WD7F4,B07P56M78L,7.83,14.41,15.97,0.00,28.91,0.00,7days
nutraj+walnuts,COMPETITOR,"Grocery-Dried Fruits, Nuts & Seeds",Walnuts,100-1K,3988,B09FGT3DJZ,B07M9DN2ND,0.47,30.00,25.82,0.00,19.72,0.00,7days
nutraj walnuts 1kg without shell,COMPETITOR,"Grocery-Dried Fruits, Nuts & Seeds",Walnuts,1-100,4213,B07BBN15ZP,B07P56M78L,0.00,5.82,6.01,0.00,6.79,0.00,7days
tulsi akhrot,COMPETITOR,"Grocery-Dried Fruits, Nuts & Seeds",Walnuts,1-100,4501,B01HBRBY5E,B0758JDCYB,13.27,24.59,19.48,0.00,26.03,0.00,7days
natraj wall nuts,COMPETITOR,"Grocery-Dried Fruits, Nuts & Seeds",Walnuts,1-100,4673,B07P56M78L,B09FGT3DJZ,2.00,17.46,12.12,0.00,11.65,0.00,7days
natraj walnuts,COMPETITOR,"Grocery-Dried Fruits, Nuts & Seeds",Walnuts,1-100,5076,B013U6HANA,B07P56M78L,16.17,11.11,11.00,0.00,19.75,0.00,7days
naturoz,COMPETITOR,"Grocery-Dried Fruits, Nuts & Seeds",Walnuts,1-100,5133,B075QHQV2J,B07GQW1HHN,23.56,11.76,8.29,6.06,19.34,0.00,7days
tulsi california walnuts 1kg without shell,COMPETITOR,"Grocery-Dried Fruits, Nuts & Seeds",Walnuts,1-100,5978,B079DNGG9T,B0758D65W6,1.01,10.71,11.21,5.42,7.46,0.00,7days
natraj walnuts 1kg with shell,COMPETITOR,"Grocery-Dried Fruits, Nuts & Seeds",Walnuts,1-100,6683,B013U6HANA,B01ABTZXQ0,5.66,10.87,11.00,0.00,13.39,0.00,7days
natraj akhrot,COMPETITOR,"Grocery-Dried Fruits, Nuts & Seeds",Walnuts,1-100,6825,B01ABU07GU,B01ABTZXQ0,4.60,8.33,9.15,0.00,30.60,0.00,7days
vinnie walnut,COMPETITOR,"Grocery-Dried Fruits, Nuts & Seeds",Walnuts,1-100,7027,B09R4DGRH9,B09R4DGRH9,3.99,34.72,32.89,0.00,17.44,0.00,7days
"fruitri premium kashmiri walnut without shell, akhrot giri,raw,1kg",COMPETITOR,"Grocery-Dried Fruits, Nuts & Seeds",Walnuts,1-100,7275,B08ZJHTT9T,B013U6HANA,8.70,20.00,18.31,0.00,3.61,0.00,7days
nutraj walnuts in fresh 1 kg,COMPETITOR,"Grocery-Dried Fruits, Nuts & Seeds",Walnuts,1-100,7300,B07NGRVTMQ,B01LXUM54I,21.93,42.59,41.82,0.00,0.00,0.00,7days
farmley walnuts,COMPETITOR,"Grocery-Dried Fruits, Nuts & Seeds",Walnuts,1-100,7347,B06X6KRZW1,B013U6HANA,9.01,17.74,17.14,0.00,23.68,0.00,7days
walnut fruitri,COMPETITOR,"Grocery-Dried Fruits, Nuts & Seeds",Walnuts,1-100,7685,B08QG2X363,B01ABU07GU,2.29,0.00,1.75,0.00,5.08,0.00,7days
english walnut,COMPETITOR,"Grocery-Dried Fruits, Nuts & Seeds",Walnuts,1-100,7692,B07ZP2B1J1,B013U6HANA,3.21,38.10,32.86,0.00,21.52,0.00,7days
walnuts 1kg without shell tulsi,COMPETITOR,"Grocery-Dried Fruits, Nuts & Seeds",Walnuts,1-100,7793,B06Y689WC5,B0758D65W6,2.98,10.38,9.65,0.00,3.33,0.00,7days
walnut nutraj 1kg,COMPETITOR,"Grocery-Dried Fruits, Nuts & Seeds",Walnuts,1-100,8224,B013U6HANA,B013U6HANA,3.10,11.29,12.12,0.00,16.67,0.00,7days
nutraj akhrot,COMPETITOR,"Grocery-Dried Fruits, Nuts & Seeds",Walnuts,1-100,8477,B07P56M78L,B07LF8HCLL,2.80,8.14,8.51,0.00,23.08,0.00,7days
nutraj walnuts with shell,COMPETITOR,"Grocery-Dried Fruits, Nuts & Seeds",Walnuts,1-100,8580,B013U6HANA,B09FGT3DJZ,1.45,14.13,13.00,0.00,10.00,0.00,7days
tulsi walnut kernels 1 kg,COMPETITOR,"Grocery-Dried Fruits, Nuts & Seeds",Walnuts,1-100,8950,B077GS8L61,B0758D65W6,10.00,28.57,0.00,7.17,0.00,0.00,7days
akhrot nutraj,COMPETITOR,"Grocery-Dried Fruits, Nuts & Seeds",Walnuts,1-100,9312,B07P56M78L,B0176WD7F4,5.00,15.00,16.67,0.00,22.86,0.00,7days
english nuts walnuts,COMPETITOR,"Grocery-Dried Fruits, Nuts & Seeds",Walnuts,1-100,9464,B099PX763F,B01ABU07GU,1.45,48.00,36.59,0.00,18.92,0.00,7days
amazon brand - vedaka,COMPETITOR,"Grocery-Dried Fruits, Nuts & Seeds",Raisins,1K-5K,220,B07GQRWYNP,B07GR82XJR,2.31,0.00,0.00,0.00,2.88,0.00,7days
vedaka raisins,COMPETITOR,"Grocery-Dried Fruits, Nuts & Seeds",Raisins,100-1K,1301,B07GR3S1RR,B07GR82XJR,9.34,31.05,30.97,4.79,26.61,0.00,7days
vedaka black raisin,COMPETITOR,"Grocery-Dried Fruits, Nuts & Seeds",Raisins,100-1K,2360,B07GQVNVV8,B07GR346FX,13.52,33.73,31.22,0.00,32.50,0.00,7days
tulsi munakka,COMPETITOR,"Grocery-Dried Fruits, Nuts & Seeds",Raisins,100-1K,2696,B085956XYB,B08JR78WB7,14.96,12.39,12.11,0.00,46.96,0.00,7days
nutraj raisins,COMPETITOR,"Grocery-Dried Fruits, Nuts & Seeds",Raisins,100-1K,3094,B07H9RSSTF,B0758D1ZGX,12.34,18.26,16.73,31.35,43.50,0.00,7days
sft black raisins,COMPETITOR,"Grocery-Dried Fruits, Nuts & Seeds",Raisins,100-1K,3668,B082DG5J8Z,B08W461PXG,13.84,24.06,23.36,0.00,62.07,0.00,7days
vedaka kismis,COMPETITOR,"Grocery-Dried Fruits, Nuts & Seeds",Raisins,1-100,4221,B07GR3S1RR,B07GR82XJR,9.13,30.33,30.16,0.00,24.81,0.00,7days
vedaka raisins 500g,COMPETITOR,"Grocery-Dried Fruits, Nuts & Seeds",Raisins,1-100,5154,B07GR3S1RR,B07GR3S1RR,17.80,34.04,0.00,0.00,0.00,0.00,7days
vedaka kismis 500gm,COMPETITOR,"Grocery-Dried Fruits, Nuts & Seeds",Raisins,1-100,5447,B07GR3S1RR,B07GR3S1RR,15.28,35.42,0.00,0.00,0.00,0.00,7days
fruitri afghanistan black resin,COMPETITOR,"Grocery-Dried Fruits, Nuts & Seeds",Raisins,1-100,5508,B09FKCRBJ5,B07QZLVP8R,19.57,20.00,0.00,0.00,0.00,0.00,7days
nutraj black raisins,COMPETITOR,"Grocery-Dried Fruits, Nuts & Seeds",Raisins,1-100,6022,B07PWQLRHY,B01LZH17BR,24.31,36.36,28.17,0.00,57.00,0.00,7days
vedaka kishmish,COMPETITOR,"Grocery-Dried Fruits, Nuts & Seeds",Raisins,1-100,6133,B07GR82XJR,B07GR3S1RR,6.88,24.42,22.92,0.00,20.00,0.00,7days
nutraj munakka,COMPETITOR,"Grocery-Dried Fruits, Nuts & Seeds",Raisins,1-100,6605,B081PMSGDP,B09DQ4Q5LF,17.37,10.48,9.29,0.00,54.23,0.00,7days
tulsi raisins,COMPETITOR,"Grocery-Dried Fruits, Nuts & Seeds",Raisins,1-100,8604,B01HBRBWG0,B0758JGNHN,28.62,36.36,33.33,0.00,54.29,0.00,7days
"nuts about you raisin round pouch, 500 g",COMPETITOR,"Grocery-Dried Fruits, Nuts & Seeds",Raisins,1-100,8695,B06WVBRCJ4,B0758JGNHN,26.15,66.67,0.00,0.00,0.00,0.00,7days
natureland raisins,COMPETITOR,"Grocery-Dried Fruits, Nuts & Seeds",Raisins,1-100,9547,B07B9V9XKD,B07B9V9XKD,9.67,0.00,0.00,0.00,0.00,0.00,7days
ancy foods,COMPETITOR,"Grocery-Dried Fruits, Nuts & Seeds",Raisins,1-100,10598,B07CN8Z9RZ,B09X1RM4FM,4.33,0.00,0.00,0.00,0.00,0.00,7days
black raisins sft,COMPETITOR,"Grocery-Dried Fruits, Nuts & Seeds",Raisins,1-100,12005,B082DG5J8Z,B086ZW8NT5,19.51,25.00,0.00,0.00,0.00,0.00,7days
farmley kismis,COMPETITOR,"Grocery-Dried Fruits, Nuts & Seeds",Raisins,1-100,12602,B08PDDM6L6,B08PDDM6L6,20.53,6.67,6.45,0.00,0.00,0.00,7days
nutraj raisins 1kg,COMPETITOR,"Grocery-Dried Fruits, Nuts & Seeds",Raisins,1-100,17174,B07BKS8BSS,B08PDDM6L6,11.38,43.75,20.00,0.00,40.82,0.00,7days
kimia dates,COMPETITOR,"Grocery-Dried Fruits, Nuts & Seeds",Dates,10K-50K,57,B08VJFJ6T4,B084885G2J,19.46,27.90,24.74,69.37,33.96,0.00,7days
lion dates,COMPETITOR,"Grocery-Dried Fruits, Nuts & Seeds",Dates,10K-50K,59,B08LT81NP7,B0B7DPDKLN,16.81,8.47,9.17,64.94,32.63,33.25,7days
lion dates buy 1 get 1 free,COMPETITOR,"Grocery-Dried Fruits, Nuts & Seeds",Dates,5K-10K,151,B08LT81NP7,B0B7DPDKLN,10.61,5.00,4.43,0.00,37.70,6.74,7days
kimia dates buy 1 get 1 free,COMPETITOR,"Grocery-Dried Fruits, Nuts & Seeds",Dates,1K-5K,170,B0B58PXFB6,B09CGY8F47,14.94,9.59,7.10,0.00,35.40,0.00,7days
manna dates,COMPETITOR,"Grocery-Dried Fruits, Nuts & Seeds",Dates,1K-5K,417,B07NRT36X5,B07NRT36X5,14.28,23.60,22.25,63.77,28.67,0.00,7days
lagom dates,COMPETITOR,"Grocery-Dried Fruits, Nuts & Seeds",Dates,1K-5K,423,B099WFJZR1,B07Q4JBHPX,4.73,0.98,0.89,0.00,11.53,0.00,7days
date crown fard 500gm,COMPETITOR,"Grocery-Dried Fruits, Nuts & Seeds",Dates,1K-5K,459,B008MEITOK,B084885G2J,21.12,32.14,26.54,170.34,35.73,0.00,7days
date crown,COMPETITOR,"Grocery-Dried Fruits, Nuts & Seeds",Dates,1K-5K,477,B008MEITOK,B01FQVXX88,24.00,15.97,12.89,0.00,39.67,0.00,7days
kimia dates 500gm,COMPETITOR,"Grocery-Dried Fruits, Nuts & Seeds",Dates,1K-5K,510,B08DWD9BGQ,B07Q6RP8X1,22.14,22.09,17.35,0.00,30.91,0.00,7days
dates lion,COMPETITOR,"Grocery-Dried Fruits, Nuts & Seeds",Dates,100-1K,645,B08LT81NP7,B0B7DPDKLN,21.89,26.54,22.59,0.00,33.23,0.00,7days
dates kimia,COMPETITOR,"Grocery-Dried Fruits, Nuts & Seeds",Dates,100-1K,682,B072MSCP5N,B084885G2J,24.01,24.59,23.54,177.34,36.38,0.00,7days
lion dates in fresh buy 1 get 1 free,COMPETITOR,"Grocery-Dried Fruits, Nuts & Seeds",Dates,100-1K,762,B01K7XH6BU,B085NTZMVR,20.46,52.47,51.88,0.00,10.64,0.00,7days
kimia gold dates 500gm,COMPETITOR,"Grocery-Dried Fruits, Nuts & Seeds",Dates,100-1K,765,B08RRXY7BC,B099WFJZR1,14.38,13.36,11.76,0.00,26.30,0.00,7days
molsis dates,COMPETITOR,"Grocery-Dried Fruits, Nuts & Seeds",Dates,100-1K,770,B0B9XJZ69Z,B08P7P43CY,18.44,1.51,2.25,0.00,20.30,0.00,7days
manna black dates,COMPETITOR,"Grocery-Dried Fruits, Nuts & Seeds",Dates,100-1K,787,B07NRT36X5,B07NRT36X5,19.10,28.45,25.88,12.66,31.33,0.00,7days
kimia,COMPETITOR,"Grocery-Dried Fruits, Nuts & Seeds",Dates,100-1K,892,B08L13NBMR,B08ZYFJFMR,10.25,4.74,3.75,3.09,31.03,0.00,7days
rostaa dates,COMPETITOR,"Grocery-Dried Fruits, Nuts & Seeds",Dates,100-1K,1065,B00NMH0SQ4,B084885G2J,21.59,19.33,16.90,19.69,32.24,0.00,7days
kimia dates 1kg,COMPETITOR,"Grocery-Dried Fruits, Nuts & Seeds",Dates,100-1K,1171,B072MSCP5N,B08TBZGVZJ,19.68,23.48,20.06,0.00,23.08,0.00,7days
lion arabian dates buy 1 get 1 free,COMPETITOR,"Grocery-Dried Fruits, Nuts & Seeds",Dates,100-1K,1222,B01B1IDRKO,B09J2S8PJZ,22.59,13.08,13.88,0.00,39.22,0.00,7days
lion dates 1kg pack,COMPETITOR,"Grocery-Dried Fruits, Nuts & Seeds",Dates,100-1K,1309,B08LT81NP7,B0B6VHRF2X,13.54,0.74,2.36,0.00,19.13,0.00,7days
lion desert king dates 500g,COMPETITOR,"Grocery-Dried Fruits, Nuts & Seeds",Dates,100-1K,1311,B0B7DPDKLN,B0B21C6FNT,18.24,10.72,10.23,0.00,28.60,0.00,7days
lion dates 500gm,COMPETITOR,"Grocery-Dried Fruits, Nuts & Seeds",Dates,100-1K,1350,B07BSY33QB,B0B7DPDKLN,25.02,30.46,26.10,0.00,25.12,0.00,7days
lagom,COMPETITOR,"Grocery-Dried Fruits, Nuts & Seeds",Dates,100-1K,1375,B07XT6BDXQ,B07Q6RP8X1,0.66,0.29,0.43,0.00,22.69,0.00,7days
lion dates seedless,COMPETITOR,"Grocery-Dried Fruits, Nuts & Seeds",Dates,100-1K,1460,B08DP1PJBD,B0B7DPDKLN,26.42,20.33,18.24,0.00,39.81,0.00,7days
lion arabian dates,COMPETITOR,"Grocery-Dried Fruits, Nuts & Seeds",Dates,100-1K,1575,B01B1IDRKO,B0B7DPDKLN,23.39,23.05,20.35,8.27,40.37,0.00,7days
khejur / dets 1kg dubai lion without seed,COMPETITOR,"Grocery-Dried Fruits, Nuts & Seeds",Dates,100-1K,1616,B09F6P6K4S,B09X5JD95G,2.39,0.00,0.00,0.00,15.90,0.00,7days
lion black dates,COMPETITOR,"Grocery-Dried Fruits, Nuts & Seeds",Dates,100-1K,1631,B0B7DPDKLN,B0758JN85Y,22.69,13.10,10.20,11.54,34.67,2.72,7days
lions dates,COMPETITOR,"Grocery-Dried Fruits, Nuts & Seeds",Dates,100-1K,1728,B01B1IDRKO,B0972ZHW64,11.77,7.29,5.88,0.00,37.54,0.00,7days
dates 1kg pack lion brand,COMPETITOR,"Grocery-Dried Fruits, Nuts & Seeds",Dates,100-1K,1935,B0B6VHRF2X,B0B6VHRF2X,27.04,3.05,4.25,0.00,38.43,0.00,7days
lion dates syrup buy 1 get 1 free,COMPETITOR,"Grocery-Dried Fruits, Nuts & Seeds",Dates,100-1K,2082,B01HZRAQ04,B0B7DPDKLN,4.59,3.37,2.31,0.00,27.70,0.00,7days
lion dates chocolate with almond,COMPETITOR,"Grocery-Dried Fruits, Nuts & Seeds",Dates,100-1K,2120,B0B2946GMP,B0B2946GMP,33.80,3.97,3.22,0.00,14.95,0.00,7days
lagom seedless dates,COMPETITOR,"Grocery-Dried Fruits, Nuts & Seeds",Dates,100-1K,2187,B099WFJZR1,B099WFJZR1,0.73,0.00,0.00,0.00,20.40,0.00,7days
lion delicacy dates,COMPETITOR,"Grocery-Dried Fruits, Nuts & Seeds",Dates,100-1K,2240,B0B1WTTR9X,B0B2946GMP,18.76,15.83,11.85,0.00,17.67,0.00,7days
molsis zahidi dates,COMPETITOR,"Grocery-Dried Fruits, Nuts & Seeds",Dates,100-1K,2329,B08P7NJN87,B08P7P43CY,25.82,29.21,26.24,0.00,19.88,0.00,7days
date crown dates,COMPETITOR,"Grocery-Dried Fruits, Nuts & Seeds",Dates,100-1K,2335,B008MEITOK,B08J7X11WW,21.56,14.97,14.11,0.00,41.40,0.00,7days
kimia dates 500gm original,COMPETITOR,"Grocery-Dried Fruits, Nuts & Seeds",Dates,100-1K,2364,B08L13NBMR,B0758J61YD,22.98,43.81,37.82,0.00,33.60,0.00,7days
lion dates desert king,COMPETITOR,"Grocery-Dried Fruits, Nuts & Seeds",Dates,100-1K,2547,B0BFFG55P4,B0B21C6FNT,8.79,14.29,12.99,0.00,34.11,0.00,7days
lion desert king dates,COMPETITOR,"Grocery-Dried Fruits, Nuts & Seeds",Dates,100-1K,2566,B0BFFG55P4,B0B7DPDKLN,27.58,15.48,14.58,0.00,39.89,0.00,7days
manna black dates 800g,COMPETITOR,"Grocery-Dried Fruits, Nuts & Seeds",Dates,100-1K,2600,B07NRT36X5,B07NRT36X5,11.64,39.56,33.20,0.00,36.40,0.00,7days
dates kimia 500 grams,COMPETITOR,"Grocery-Dried Fruits, Nuts & Seeds",Dates,100-1K,2657,B08L13NBMR,B084885G2J,25.24,37.23,32.04,0.00,38.53,0.00,7days
lion choco dates,COMPETITOR,"Grocery-Dried Fruits, Nuts & Seeds",Dates,100-1K,2744,B0B2946GMP,B0B2946GMP,13.71,1.86,1.98,0.00,17.67,0.00,7days
molsi dates,COMPETITOR,"Grocery-Dried Fruits, Nuts & Seeds",Dates,100-1K,2787,B0B9XJZ69Z,B08P7P43CY,15.67,0.81,3.21,0.00,22.89,0.00,7days
nutwiz,COMPETITOR,"Grocery-Dried Fruits, Nuts & Seeds",Dates,100-1K,2862,B09M8M9YB3,B09TJMP82G,7.04,11.76,12.50,0.00,17.39,0.00,7days
dates 1kg pack lion,COMPETITOR,"Grocery-Dried Fruits, Nuts & Seeds",Dates,100-1K,2977,B01B1IDRKO,B085NTZMVR,12.42,11.04,10.76,0.00,25.64,0.00,7days
manna dates 800g,COMPETITOR,"Grocery-Dried Fruits, Nuts & Seeds",Dates,100-1K,3055,B07NRT36X5,B0758JN85Y,8.89,24.78,23.14,0.00,0.00,0.00,7days
dates lion 1kg offer buy 1 get 1,COMPETITOR,"Grocery-Dried Fruits, Nuts & Seeds",Dates,100-1K,3063,B08CR5CQX3,B0B7DPDKLN,24.56,15.60,14.45,0.00,30.62,0.00,7days
molsis,COMPETITOR,"Grocery-Dried Fruits, Nuts & Seeds",Dates,100-1K,3070,B0B9XJZ69Z,B0B9XJZ69Z,0.21,0.00,0.38,0.00,12.74,0.00,7days
sft dates 1kg,COMPETITOR,"Grocery-Dried Fruits, Nuts & Seeds",Dates,100-1K,3186,B075X38QVC,B075X38QVC,11.34,11.58,8.40,0.00,26.67,0.00,7days
dates lagom,COMPETITOR,"Grocery-Dried Fruits, Nuts & Seeds",Dates,100-1K,3248,B099WFJZR1,B07Q4JBHPX,15.34,0.00,0.00,0.00,30.28,0.00,7days
paper boat dry fruit,COMPETITOR,"Grocery-Dried Fruits, Nuts & Seeds",Mixed Nuts,1K-5K,199,B09QGTVT5B,B09WRMXP9Z,3.44,0.10,0.38,26.97,14.22,0.00,7days
true elements seeds,COMPETITOR,"Grocery-Dried Fruits, Nuts & Seeds",Mixed Nuts,1K-5K,313,B082SWR3GS,B09RSQH1Y6,0.26,0.47,0.37,0.00,4.79,0.00,7days
berries and nuts,COMPETITOR,"Grocery-Dried Fruits, Nuts & Seeds",Mixed Nuts,1K-5K,320,B09P9Y4XRD,B07X7X8QH6,2.50,5.64,5.37,17.28,10.15,0.00,7days
true elements,COMPETITOR,"Grocery-Dried Fruits, Nuts & Seeds",Mixed Nuts,1K-5K,342,B082SWR3GS,B01F8UA1AA,1.22,0.74,1.06,0.38,7.35,0.00,7days
paperboat dry fruits,COMPETITOR,"Grocery-Dried Fruits, Nuts & Seeds",Mixed Nuts,1K-5K,389,B09QGTVT5B,B09WRMXP9Z,4.73,2.63,4.54,0.00,33.84,0.00,7days
sorich organics,COMPETITOR,"Grocery-Dried Fruits, Nuts & Seeds",Mixed Nuts,100-1K,760,B07DHJDMBY,B072BG8Z6H,0.02,0.20,0.30,0.00,1.16,0.00,7days
paper boat nuts,COMPETITOR,"Grocery-Dried Fruits, Nuts & Seeds",Mixed Nuts,100-1K,792,B09FT6T6L2,B09WRMXP9Z,9.13,1.39,1.24,0.00,10.32,0.00,7days
true elements pumpkin seeds,COMPETITOR,"Grocery-Dried Fruits, Nuts & Seeds",Mixed Nuts,100-1K,1014,B06X9P143F,B01M3SDPPK,2.47,17.11,17.08,0.00,12.63,0.00,7days
dry fruit hub,COMPETITOR,"Grocery-Dried Fruits, Nuts & Seeds",Mixed Nuts,100-1K,1342,B07ZMFZ935,B09QGTVT5B,11.89,3.07,2.30,0.00,22.20,0.00,7days
true elements seeds mix,COMPETITOR,"Grocery-Dried Fruits, Nuts & Seeds",Mixed Nuts,100-1K,1347,B082SWR3GS,B07VRCHQGF,1.78,4.16,5.10,0.00,9.18,0.00,7days
paper boat dry fruits,COMPETITOR,"Grocery-Dried Fruits, Nuts & Seeds",Mixed Nuts,100-1K,1419,B09FT6T6L2,B09FT7FWTY,9.67,10.04,8.88,0.00,8.89,0.00,7days
berries and nuts mix,COMPETITOR,"Grocery-Dried Fruits, Nuts & Seeds",Mixed Nuts,100-1K,1665,B09P9Y4XRD,B09WHVN3TW,16.03,25.26,24.73,0.00,40.19,0.00,7days
yum yum dry fruits,COMPETITOR,"Grocery-Dried Fruits, Nuts & Seeds",Mixed Nuts,100-1K,2049,B09FF5NZ9B,B0B3954NJ4,8.06,6.76,6.08,0.00,22.95,0.00,7days
paperboat cashew,COMPETITOR,"Grocery-Dried Fruits, Nuts & Seeds",Mixed Nuts,100-1K,2440,B0B2BL4RRR,B09WRMXP9Z,4.18,0.66,0.53,0.00,34.17,0.00,7days
true elements 7 in 1 super seeds mix,COMPETITOR,"Grocery-Dried Fruits, Nuts & Seeds",Mixed Nuts,100-1K,2529,B082SWR3GS,B08X23RY8K,0.19,2.42,2.21,0.00,8.15,0.00,7days
true elements antioxidant mix seeds,COMPETITOR,"Grocery-Dried Fruits, Nuts & Seeds",Mixed Nuts,100-1K,2925,B07VRCHQGF,B07VRCHQGF,1.82,14.29,13.37,0.00,3.51,0.00,7days
slurrp farm nut powder,COMPETITOR,"Grocery-Dried Fruits, Nuts & Seeds",Mixed Nuts,100-1K,3042,B081N3L7X9,B081N3L7X9,0.89,3.29,4.66,0.00,3.77,0.00,7days
paperboat nuts,COMPETITOR,"Grocery-Dried Fruits, Nuts & Seeds",Mixed Nuts,100-1K,3437,B09QGTVT5B,B09WRMXP9Z,1.49,4.39,5.58,0.00,28.11,0.00,7days
paper boat pistachio,COMPETITOR,"Grocery-Dried Fruits, Nuts & Seeds",Mixed Nuts,100-1K,3483,B0B97WNSRQ,B09QGS3TNT,10.81,0.51,0.94,0.00,18.15,0.00,7days
pumpkin seeds true elements,COMPETITOR,"Grocery-Dried Fruits, Nuts & Seeds",Mixed Nuts,1-100,4647,B06X9P143F,B01M3SDPPK,2.49,0.00,0.00,0.00,0.00,0.00,7days
paper boat pistachio 1kg,COMPETITOR,"Grocery-Dried Fruits, Nuts & Seeds",Mixed Nuts,1-100,4899,B0B4B4T88X,B0B4B4T88X,7.85,6.49,7.06,0.00,18.63,0.00,7days
paper boat smoked almond,COMPETITOR,"Grocery-Dried Fruits, Nuts & Seeds",Mixed Nuts,1-100,5101,B09WRMDZ3G,B09GWH5XXD,20.16,0.45,0.42,0.00,14.12,0.00,7days
yum yum,COMPETITOR,"Grocery-Dried Fruits, Nuts & Seeds",Mixed Nuts,1-100,5309,B09C3CGN2F,B0993BXH64,5.88,0.00,0.00,0.00,5.00,0.00,7days
sorich,COMPETITOR,"Grocery-Dried Fruits, Nuts & Seeds",Mixed Nuts,1-100,5631,B076HMVN5V,B07546BFT5,0.40,0.00,0.00,0.00,0.00,0.00,7days
true elements mixed seeds 5 in 1,COMPETITOR,"Grocery-Dried Fruits, Nuts & Seeds",Mixed Nuts,1-100,5886,B077TTB3FX,B07WSCRMXT,0.00,6.25,5.56,0.00,9.26,0.00,7days
pumpkin seeds 1kg sft,COMPETITOR,"Grocery-Dried Fruits, Nuts & Seeds",Mixed Nuts,1-100,6538,B086ZVRHGG,B08296TRWV,4.53,10.26,8.51,0.00,18.29,0.00,7days
true elements roasted pumpkin seeds,COMPETITOR,"Grocery-Dried Fruits, Nuts & Seeds",Mixed Nuts,1-100,6624,B07WRCP5KN,B07WRCP5KN,1.59,0.00,0.00,0.00,0.00,0.00,7days
super healthy dry fruit nuts seeds berries mix,COMPETITOR,"Grocery-Dried Fruits, Nuts & Seeds",Mixed Nuts,1-100,6911,B082PFLC41,B09LD1S4RX,3.31,23.33,17.65,0.00,24.00,0.00,7days
greenfinity mixed dry fruits,COMPETITOR,"Grocery-Dried Fruits, Nuts & Seeds",Mixed Nuts,1-100,7036,B09NSP2ZQ3,B0BBK2NWMS,3.27,8.16,8.97,0.00,17.44,0.00,7days
farmley dry fruits mix,COMPETITOR,"Grocery-Dried Fruits, Nuts & Seeds",Mixed Nuts,1-100,7433,B09NSP2ZQ3,B09MM96YC4,27.63,0.00,0.00,0.00,41.07,0.00,7days
paper boat protein crunch,COMPETITOR,"Grocery-Dried Fruits, Nuts & Seeds",Mixed Nuts,1-100,7456,B09WRMXP9Z,B09QGTVT5B,0.92,0.00,0.00,0.00,0.00,0.00,7days
super healthy daily dose nuts seeds and berries,COMPETITOR,"Grocery-Dried Fruits, Nuts & Seeds",Mixed Nuts,1-100,9045,B07W997DKW,B082PFLC41,3.46,2.56,2.54,0.00,1.90,0.00,7days
paper boat almonds 1kg,COMPETITOR,"Grocery-Dried Fruits, Nuts & Seeds",Mixed Nuts,1-100,9261,B0B2BBKNX1,B09WRMDZ3G,4.35,6.67,7.35,0.00,10.53,0.00,7days
paper boat classic roasted nuts,COMPETITOR,"Grocery-Dried Fruits, Nuts & Seeds",Mixed Nuts,1-100,10293,B09FT7FWTY,B09FT7FWTY,24.50,11.11,0.00,0.00,0.00,0.00,7days
berries nuts,COMPETITOR,"Grocery-Dried Fruits, Nuts & Seeds",Mixed Nuts,1-100,10333,B09P9Y4XRD,B01LZH58GI,0.00,18.75,16.25,0.00,0.00,0.00,7days
true elements daily dose trail mix,COMPETITOR,"Grocery-Dried Fruits, Nuts & Seeds",Mixed Nuts,1-100,10358,B08P6V61KW,B07WBY2FDQ,3.77,14.29,0.00,0.00,0.00,0.00,7days
dry fruit hub store,COMPETITOR,"Grocery-Dried Fruits, Nuts & Seeds",Mixed Nuts,1-100,10422,B07ZMFZ935,B09T3LN71Y,0.00,4.00,5.00,0.00,19.51,0.00,7days
dry fruits paper boat,COMPETITOR,"Grocery-Dried Fruits, Nuts & Seeds",Mixed Nuts,1-100,10828,B09QGTVT5B,B09WRMXP9Z,5.31,0.00,0.00,0.00,16.37,0.00,7days
true elements protein mix,COMPETITOR,"Grocery-Dried Fruits, Nuts & Seeds",Mixed Nuts,1-100,11156,B08CHB9MS6,B08ZKHBVYB,0.23,3.61,3.30,0.00,11.11,0.00,7days
true elements roasted seeds,COMPETITOR,"Grocery-Dried Fruits, Nuts & Seeds",Mixed Nuts,1-100,12491,B07VRCHQGF,B07VRCHQGF,0.39,0.00,0.00,0.00,0.00,0.00,7days
paper boat dry fruit mix nut,COMPETITOR,"Grocery-Dried Fruits, Nuts & Seeds",Mixed Nuts,1-100,12538,B09FT7FWTY,B09WRMXP9Z,2.02,3.70,5.71,0.00,11.11,0.00,7days
paper boat mixed dry fruits,COMPETITOR,"Grocery-Dried Fruits, Nuts & Seeds",Mixed Nuts,1-100,12607,B09QGTVT5B,B09QGTVT5B,4.80,0.00,0.00,0.00,17.35,0.00,7days
dry fruit paper boat,COMPETITOR,"Grocery-Dried Fruits, Nuts & Seeds",Mixed Nuts,1-100,13155,B09WRMXP9Z,B09WRMXP9Z,3.83,0.00,2.86,0.00,13.89,0.00,7days
paper boat almond salted,COMPETITOR,"Grocery-Dried Fruits, Nuts & Seeds",Mixed Nuts,1-100,14356,B09FT7FWTY,B09QGTVT5B,6.00,0.00,0.00,0.00,12.50,0.00,7days
mixed seeds berries and nuts for eating,COMPETITOR,"Grocery-Dried Fruits, Nuts & Seeds",Mixed Nuts,1-100,14918,B09P9Y4XRD,B08WJ8FZ6D,1.55,0.00,0.00,0.00,0.00,0.00,7days
"berries and nuts mixed berries, nuts ha",COMPETITOR,"Grocery-Dried Fruits, Nuts & Seeds",Mixed Nuts,1-100,16600,B08JTBYKDW,B08JTBYKDW,0.00,0.00,0.00,0.00,0.00,0.00,7days
trail mix paper boat,COMPETITOR,"Grocery-Dried Fruits, Nuts & Seeds",Mixed Nuts,1-100,16869,B09FT7FWTY,B09WRMXP9Z,0.00,4.76,5.00,0.00,11.54,0.00,7days
true elements antioxidant mix,COMPETITOR,"Grocery-Dried Fruits, Nuts & Seeds",Mixed Nuts,1-100,16946,B08WJ8FZ6D,B082SWR3GS,2.19,22.81,21.31,0.00,10.64,0.00,7days
tulsi anjeer,COMPETITOR,"Grocery-Dried Fruits, Nuts & Seeds",Anjeer (Figs),100-1K,838,B01LL2BK72,B0758D65V3,11.02,11.91,10.19,14.29,2.71,0.00,7days
tulsi dry fruits,COMPETITOR,"Grocery-Dried Fruits, Nuts & Seeds",Anjeer (Figs),100-1K,869,B011IMA5X0,B01LZ5DFW2,7.16,18.49,15.80,0.00,36.37,0.00,7days
nutraj figs,COMPETITOR,"Grocery-Dried Fruits, Nuts & Seeds",Anjeer (Figs),100-1K,2056,B013U6IJNU,B013U6IJNU,8.86,11.76,10.23,0.00,10.00,0.00,7days
sft anjeer,COMPETITOR,"Grocery-Dried Fruits, Nuts & Seeds",Anjeer (Figs),100-1K,2861,B075MG4687,B075MGMQY5,1.73,10.84,10.23,0.00,6.99,0.00,7days
organic figs dry fruits,COMPETITOR,"Grocery-Dried Fruits, Nuts & Seeds",Anjeer (Figs),100-1K,3079,B09N2KQMPM,B08H2FHXQN,0.97,14.05,12.73,0.00,4.00,0.00,7days
sft anjeer 1kg,COMPETITOR,"Grocery-Dried Fruits, Nuts & Seeds",Anjeer (Figs),100-1K,3677,B075MG4687,B075MGMQY5,0.48,2.02,2.63,0.00,7.44,0.00,7days
tulsi anjeer 500 grams big size,COMPETITOR,"Grocery-Dried Fruits, Nuts & Seeds",Anjeer (Figs),1-100,4789,B01LL2BK72,B013U6IJNU,0.00,14.08,11.29,0.00,4.35,0.00,7days
sft dry fruits,COMPETITOR,"Grocery-Dried Fruits, Nuts & Seeds",Anjeer (Figs),1-100,4918,B075X3N2W9,B09JSBL8PS,16.19,3.60,3.86,0.00,16.33,0.00,7days
anjeer tulsi,COMPETITOR,"Grocery-Dried Fruits, Nuts & Seeds",Anjeer (Figs),1-100,5035,B01HBRBY86,B0758D65V3,15.77,15.79,12.00,0.00,6.98,0.00,7days
manna figs,COMPETITOR,"Grocery-Dried Fruits, Nuts & Seeds",Anjeer (Figs),1-100,5090,B07NRT36X5,B08H2FHXQN,5.85,12.71,11.69,0.00,8.40,0.00,7days
greenfinity anjeer,COMPETITOR,"Grocery-Dried Fruits, Nuts & Seeds",Anjeer (Figs),1-100,6460,B08V6VXB7T,B0758D65V3,0.16,9.00,8.33,0.00,8.99,0.00,7days
tulsi dry fig,COMPETITOR,"Grocery-Dried Fruits, Nuts & Seeds",Anjeer (Figs),1-100,10722,B01LL2BK72,B09DV68L1Z,6.47,12.20,12.24,0.00,0.00,0.00,7days
sft dried whole turkish figs whole fig fruit anjeer 400 gm,COMPETITOR,"Grocery-Dried Fruits, Nuts & Seeds",Anjeer (Figs),1-100,11023,B0BH2TSRQF,B08NCQGVCH,0.00,10.87,8.06,0.00,7.58,0.00,7days
tulsi dry fruits 1kg offer big size tulsi brand,COMPETITOR,"Grocery-Dried Fruits, Nuts & Seeds",Anjeer (Figs),1-100,12465,B01HBRBWHY,B09YNMK5S1,9.38,0.00,0.00,0.00,0.00,0.00,7days
nutraj figs 500gm,COMPETITOR,"Grocery-Dried Fruits, Nuts & Seeds",Anjeer (Figs),1-100,14110,B0BC9NFYTG,B09TJMP82G,4.44,13.33,13.16,0.00,0.00,0.00,7days
tulsi anjeer 1_kg,COMPETITOR,"Grocery-Dried Fruits, Nuts & Seeds",Anjeer (Figs),1-100,15309,B01LL2BK72,B09TJNFYQK,0.00,8.00,6.06,0.00,10.53,0.00,7days
tulsi afghani anjeer,COMPETITOR,"Grocery-Dried Fruits, Nuts & Seeds",Anjeer (Figs),1-100,15592,B01HBRBY86,B07MGXZ8S4,4.14,20.00,0.00,0.00,0.00,0.00,7days
dry fruit hub anjeer,COMPETITOR,"Grocery-Dried Fruits, Nuts & Seeds",Anjeer (Figs),1-100,16279,B0BK4XVQL8,B09QJZ5CQ1,0.00,12.50,0.00,0.00,0.00,0.00,7days
nutraj anjeer 500g offers low price,COMPETITOR,"Grocery-Dried Fruits, Nuts & Seeds",Anjeer (Figs),1-100,16882,B013U6IJNU,B0BL146MBD,4.64,11.54,7.89,0.00,8.11,0.00,7days
anjeer tulsi 500 gram,COMPETITOR,"Grocery-Dried Fruits, Nuts & Seeds",Anjeer (Figs),1-100,17212,B01LL2BK72,B0758D65V3,0.00,20.00,0.00,0.00,0.00,0.00,7days
nutraj dried fig anjeer 200g,COMPETITOR,"Grocery-Dried Fruits, Nuts & Seeds",Anjeer (Figs),1-100,17331,B077FZF336,B08ZDN6624,2.76,8.00,0.00,0.00,0.00,0.00,7days
nutty gritties,COMPETITOR,"Grocery-Dried Fruits, Nuts & Seeds",Mixed Dried Fruits,1K-5K,490,B0851L15DR,B08JTBYKDW,0.52,1.53,1.61,0.00,44.07,0.00,7days
ministry of nuts,COMPETITOR,"Grocery-Dried Fruits, Nuts & Seeds",Mixed Dried Fruits,1K-5K,516,B09HTWBZ66,B09HTWBZ66,11.63,7.47,6.91,0.00,19.04,0.00,7days
ministry of nuts pack of 5,COMPETITOR,"Grocery-Dried Fruits, Nuts & Seeds",Mixed Dried Fruits,1K-5K,531,B09HTWBZ66,B09HTWBZ66,3.68,0.06,0.11,0.00,18.08,0.00,7days
greenfinity dry fruits,COMPETITOR,"Grocery-Dried Fruits, Nuts & Seeds",Mixed Dried Fruits,100-1K,1124,B08X6K464N,B08X6K464N,13.60,0.41,0.57,0.00,31.34,0.00,7days
greenfinity dry fruits combo pack,COMPETITOR,"Grocery-Dried Fruits, Nuts & Seeds",Mixed Dried Fruits,100-1K,1570,B08X2M94KM,B09HTWBZ66,8.92,1.79,3.08,0.00,42.43,0.00,7days
greenfinity,COMPETITOR,"Grocery-Dried Fruits, Nuts & Seeds",Mixed Dried Fruits,100-1K,1577,B08P1FLDB8,B09TJMP82G,15.79,7.10,7.17,0.00,6.80,0.00,7days
ministry+of+nuts,COMPETITOR,"Grocery-Dried Fruits, Nuts & Seeds",Mixed Dried Fruits,100-1K,2459,B09HTWBZ66,B0992KMQYL,0.00,4.08,3.56,0.00,6.58,0.00,7days
ministryofnuts,COMPETITOR,"Grocery-Dried Fruits, Nuts & Seeds",Mixed Dried Fruits,100-1K,3951,B0B2D6P9NK,B09HTWBZ66,5.48,0.00,0.00,0.00,0.00,0.00,7days
ministry of nuts pack of 5 premium,COMPETITOR,"Grocery-Dried Fruits, Nuts & Seeds",Mixed Dried Fruits,1-100,6061,B09HTWBZ66,B09VGYMVRL,4.38,0.00,0.00,0.00,12.00,0.00,7days
ministry of nuts family pack of 5,COMPETITOR,"Grocery-Dried Fruits, Nuts & Seeds",Mixed Dried Fruits,1-100,6205,B09HTWBZ66,B09VGYMVRL,29.68,2.50,3.13,0.00,20.73,0.00,7days
mixed berries and nuts for plum cake,COMPETITOR,"Grocery-Dried Fruits, Nuts & Seeds",Mixed Dried Fruits,1-100,6338,B07SYLJFZ6,B07T1RN9T6,13.50,8.75,9.17,0.00,6.72,0.00,7days
berry and nuts mix,COMPETITOR,"Grocery-Dried Fruits, Nuts & Seeds",Mixed Dried Fruits,1-100,7917,B09P9Y4XRD,B09WHVN3TW,12.17,21.62,18.18,0.00,14.29,0.00,7days
rostaa dry fruits,COMPETITOR,"Grocery-Dried Fruits, Nuts & Seeds",Cranberries,100-1K,1157,B00OOHSTI0,B07WBY2FDQ,12.31,15.36,12.13,0.00,40.96,0.00,7days
berries and seeds mix,COMPETITOR,"Grocery-Dried Fruits, Nuts & Seeds",Cranberries,100-1K,2356,B09P9Y4XRD,B09WHVN3TW,4.16,4.33,5.45,0.00,28.82,0.00,7days
rostaa cranberry,COMPETITOR,"Grocery-Dried Fruits, Nuts & Seeds",Cranberries,100-1K,2683,B018IB47HY,B07Q4JBND3,5.54,3.91,4.38,0.00,35.81,0.00,7days
berries and nuts trail mix,COMPETITOR,"Grocery-Dried Fruits, Nuts & Seeds",Cranberries,1-100,7128,B09P9Y4XRD,B09PJCK9DV,4.17,36.62,29.67,0.00,44.21,0.00,7days
sorich organics berry mix,COMPETITOR,"Grocery-Dried Fruits, Nuts & Seeds",Cranberries,1-100,10440,B07ND8WC8M,B07ND8XXP8,6.32,0.00,0.00,0.00,0.00,0.00,7days
nature yard cranberry,COMPETITOR,"Grocery-Dried Fruits, Nuts & Seeds",Cranberries,1-100,11197,B096QWVY91,B08RC79MN2,2.59,8.00,9.09,0.00,16.13,0.00,7days
cranberry sft,COMPETITOR,"Grocery-Dried Fruits, Nuts & Seeds",Cranberries,1-100,16122,B082DGC49X,B086ZVSGVT,2.88,0.00,0.00,0.00,0.00,0.00,7days
mixed berries and nuts,COMPETITOR,"Grocery-Dried Fruits, Nuts & Seeds",Cranberries,1-100,17309,B09PJCK9DV,B0B4DM3G6H,5.53,33.33,18.37,0.00,20.31,0.00,7days
namo organics,COMPETITOR,"Grocery-Dried Fruits, Nuts & Seeds",Apricots,100-1K,4164,B08RPBRQG1,B08RS21H4S,0.10,0.00,0.00,0.00,5.29,0.00,7days
berries and nuts dried apricots,COMPETITOR,"Grocery-Dried Fruits, Nuts & Seeds",Apricots,1-100,13614,B07C356GKK,B09882HXC5,1.49,0.00,0.00,0.00,0.00,0.00,7days
sft pumpkin seeds,COMPETITOR,"Grocery-Dried Fruits, Nuts & Seeds",Pumpkin Seeds,100-1K,1448,B08296TRWV,B09NYB4SPH,6.96,6.84,7.84,0.00,27.24,0.00,7days
neuherbs pumpkin seeds,COMPETITOR,"Grocery-Dried Fruits, Nuts & Seeds",Pumpkin Seeds,100-1K,1830,B07R55QNXB,B07R55QNXB,4.46,13.48,12.80,0.00,21.46,0.00,7days
sorich pumpkin seeds,COMPETITOR,"Grocery-Dried Fruits, Nuts & Seeds",Pumpkin Seeds,100-1K,2001,B07545H9W3,B07545H9W3,0.69,0.00,0.42,0.00,13.79,0.00,7days
tong garden pumpkin seed,COMPETITOR,"Grocery-Dried Fruits, Nuts & Seeds",Pumpkin Seeds,100-1K,3913,B084Q8V6F2,B0758JN87N,13.10,3.62,7.34,0.00,13.73,0.00,7days
sft pumpkin seeds 1kg,COMPETITOR,"Grocery-Dried Fruits, Nuts & Seeds",Pumpkin Seeds,100-1K,3976,B08296TRWV,B09NSN72YK,4.47,0.82,0.75,0.00,13.39,0.00,7days
true elements pumpkin seeds 250g,COMPETITOR,"Grocery-Dried Fruits, Nuts & Seeds",Pumpkin Seeds,1-100,5305,B08WJ8FZ6D,B01M3SDPPK,0.94,0.00,2.04,0.00,4.55,0.00,7days
neuherbs sunflower seeds,COMPETITOR,"Grocery-Dried Fruits, Nuts & Seeds",Pumpkin Seeds,1-100,5834,B08Y6H19BZ,B07R61Z6F2,4.36,0.00,0.00,0.00,0.00,0.00,7days
real pumpkin seeds,COMPETITOR,"Grocery-Dried Fruits, Nuts & Seeds",Pumpkin Seeds,1-100,6066,B09GBG16FL,B07GQW1HJC,10.22,16.42,0.00,0.00,22.22,0.00,7days
sft seeds,COMPETITOR,"Grocery-Dried Fruits, Nuts & Seeds",Pumpkin Seeds,1-100,6999,B08294GFKB,B09NY8TL8G,2.21,0.00,0.00,0.00,0.00,0.00,7days
pumpkin seeds neuherbs,COMPETITOR,"Grocery-Dried Fruits, Nuts & Seeds",Pumpkin Seeds,1-100,7428,B07R55QNXB,B07R55QNXB,6.65,0.00,2.94,0.00,25.81,0.00,7days
pumpkin seeds sft,COMPETITOR,"Grocery-Dried Fruits, Nuts & Seeds",Pumpkin Seeds,1-100,7496,B08296TRWV,B09NYB4SPH,3.06,4.17,0.00,0.00,0.00,0.00,7days
pumpkin seeds sorich,COMPETITOR,"Grocery-Dried Fruits, Nuts & Seeds",Pumpkin Seeds,1-100,8622,B07545H9W3,B07545H9W3,1.28,0.00,0.00,0.00,0.00,0.00,7days
pumpkin seed sft,COMPETITOR,"Grocery-Dried Fruits, Nuts & Seeds",Pumpkin Seeds,1-100,11937,B08296TRWV,B08C53SKT9,3.48,0.00,0.00,0.00,0.00,0.00,7days
pumpkin seeds combo true elements,COMPETITOR,"Grocery-Dried Fruits, Nuts & Seeds",Pumpkin Seeds,1-100,14082,B01F8UA1AA,B01M3SDPPK,7.14,0.00,0.00,0.00,0.00,0.00,7days
true elements pumpkin seeds 1kg,COMPETITOR,"Grocery-Dried Fruits, Nuts & Seeds",Pumpkin Seeds,1-100,15079,B073XRDYT3,B06WWMXY3B,1.81,0.00,0.00,0.00,0.00,0.00,7days
boyo,COMPETITOR,"Grocery-Dried Fruits, Nuts & Seeds",Blueberries,1-100,5369,B09B2C4HDC,B09SWXDDQ9,22.46,3.26,3.39,0.00,8.68,0.00,7days
namo organics dry fruits,COMPETITOR,"Grocery-Dried Fruits, Nuts & Seeds",Blueberries,1-100,5481,B0B64GVMCC,B07GR24VMV,2.30,0.00,0.00,0.00,16.95,0.00,7days
true elements berries,COMPETITOR,"Grocery-Dried Fruits, Nuts & Seeds",Blueberries,1-100,6785,B08X1XR72D,B08X1XR72D,2.71,3.66,3.74,0.00,13.04,0.00,7days
true elements blueberries,COMPETITOR,"Grocery-Dried Fruits, Nuts & Seeds",Blueberries,1-100,7175,B07BRSXWQD,B01AWJJ1Y4,8.40,0.00,0.00,0.00,37.97,0.00,7days
sorich berries,COMPETITOR,"Grocery-Dried Fruits, Nuts & Seeds",Blueberries,1-100,8669,B09N7C69KG,B07D28NCZ5,5.80,0.00,0.00,0.00,0.00,0.00,7days
berries and nuts blueberries,COMPETITOR,"Grocery-Dried Fruits, Nuts & Seeds",Blueberries,1-100,9845,B072LWD3Z5,B08RP86P5C,7.51,0.00,0.00,0.00,26.47,0.00,7days
sorich blueberry,COMPETITOR,"Grocery-Dried Fruits, Nuts & Seeds",Blueberries,1-100,10395,B09N7C69KG,B07DPMLBGF,1.10,0.00,0.00,0.00,0.00,0.00,7days
nature yard blueberry,COMPETITOR,"Grocery-Dried Fruits, Nuts & Seeds",Blueberries,1-100,13543,B09F6995LM,B09J1JNX6K,3.46,0.00,0.00,0.00,0.00,0.00,7days
boyo blueberry,COMPETITOR,"Grocery-Dried Fruits, Nuts & Seeds",Blueberries,1-100,14153,B0B5HGW9HS,B07ND8XXP8,8.09,0.00,0.00,0.00,0.00,0.00,7days
delmonte prunes,COMPETITOR,"Grocery-Dried Fruits, Nuts & Seeds",Prunes,1-100,10403,B00RTBV0R0,B00RTBV0R0,1.57,0.00,0.00,0.00,0.00,0.00,7days
prunes del monte,COMPETITOR,"Grocery-Dried Fruits, Nuts & Seeds",Prunes,1-100,14864,B00RTBV0R0,B00RTBV0R0,18.75,0.00,0.00,0.00,0.00,0.00,7days
nutraj,COMPETITOR,"Grocery-Dried Fruits, Nuts & Seeds",Chia Seeds,100-1K,557,B07P56M78L,B0992KMQYL,6.12,25.87,23.68,0.00,31.89,26.14,7days
true elements chia seed,COMPETITOR,"Grocery-Dried Fruits, Nuts & Seeds",Chia Seeds,100-1K,657,B013SRPYSY,B06WWMXY3B,0.11,0.45,0.41,0.00,8.53,0.00,7days
nutraj pista,COMPETITOR,"Grocery-Dried Fruits, Nuts & Seeds",Chia Seeds,100-1K,1071,B07DL8YV85,B015T5A7NK,20.81,28.60,28.52,0.00,31.01,0.00,7days
neuherbs chia seeds,COMPETITOR,"Grocery-Dried Fruits, Nuts & Seeds",Chia Seeds,100-1K,1373,B07QX5QJ1H,B06WWMXY3B,0.17,1.78,3.11,0.00,2.79,0.00,7days
nutraj anjeer,COMPETITOR,"Grocery-Dried Fruits, Nuts & Seeds",Chia Seeds,100-1K,1677,B013U6IJNU,B013U6IJNU,4.54,4.83,4.77,0.00,6.82,0.00,7days
vedaka chia seeds,COMPETITOR,"Grocery-Dried Fruits, Nuts & Seeds",Chia Seeds,100-1K,2424,B07GQQLZPD,B07GQQLZPD,0.09,0.00,0.50,0.00,1.07,0.00,7days
wonderland foods,COMPETITOR,"Grocery-Dried Fruits, Nuts & Seeds",Chia Seeds,100-1K,2630,B08VGJFK8Z,B09ZPP1K26,4.23,11.35,8.91,0.00,12.15,0.00,7days
nutraj walnuts 500gm without shell,COMPETITOR,"Grocery-Dried Fruits, Nuts & Seeds",Chia Seeds,100-1K,2988,B01ABU07GU,B07P56M78L,1.10,5.18,5.28,0.00,9.46,0.00,7days
sorich chia seeds,COMPETITOR,"Grocery-Dried Fruits, Nuts & Seeds",Chia Seeds,100-1K,3194,B072BG8Y4Y,B072BG8Z6H,0.32,0.30,0.29,0.00,3.10,0.00,7days
true elements chia seeds,COMPETITOR,"Grocery-Dried Fruits, Nuts & Seeds",Chia Seeds,100-1K,3302,B013SRPYSY,B01M6ZAIXL,0.00,1.08,1.97,0.00,4.35,0.00,7days
chia seeds true elements,COMPETITOR,"Grocery-Dried Fruits, Nuts & Seeds",Chia Seeds,100-1K,3331,B06WWMXY3B,B01M6ZAIXL,0.00,0.81,0.71,0.00,1.95,0.00,7days
sft chia seeds 1kg,COMPETITOR,"Grocery-Dried Fruits, Nuts & Seeds",Chia Seeds,100-1K,3979,B08295P382,B0B946BWS1,0.00,0.72,2.53,0.00,1.97,0.00,7days
nutraj anjeer 500gm,COMPETITOR,"Grocery-Dried Fruits, Nuts & Seeds",Chia Seeds,1-100,4217,B09HR6GDLV,B013U6IJNU,2.35,14.67,12.11,0.00,0.00,0.00,7days
chia seeds vedaka,COMPETITOR,"Grocery-Dried Fruits, Nuts & Seeds",Chia Seeds,1-100,4443,B07GQQLZPD,B07GQQLZPD,0.33,1.05,0.00,0.00,0.00,0.00,7days
nutraj walnuts with shell 1kg,COMPETITOR,"Grocery-Dried Fruits, Nuts & Seeds",Chia Seeds,1-100,4999,B013U6HANA,B013U6HANA,4.26,12.62,12.18,0.00,10.80,0.00,7days
nutriwish,COMPETITOR,"Grocery-Dried Fruits, Nuts & Seeds",Chia Seeds,1-100,5218,B01N40K2WE,B07MBG4C9H,11.94,0.00,0.00,0.00,0.00,0.00,7days
nutraj chia seeds 200g,COMPETITOR,"Grocery-Dried Fruits, Nuts & Seeds",Chia Seeds,1-100,6433,B07DL6Q6X6,B06WWMXY3B,0.00,9.09,11.24,0.00,2.13,0.00,7days
nutraj walnuts 250gm,COMPETITOR,"Grocery-Dried Fruits, Nuts & Seeds",Chia Seeds,1-100,7434,B07P5746L7,B01ABU07GU,5.12,16.92,17.39,0.00,22.78,0.00,7days
true elements basil seeds,COMPETITOR,"Grocery-Dried Fruits, Nuts & Seeds",Chia Seeds,1-100,9729,B07KXLPMRN,B07KXLW56F,0.33,0.00,0.00,0.00,0.00,0.00,7days
nutraj super food mix,COMPETITOR,"Grocery-Dried Fruits, Nuts & Seeds",Chia Seeds,1-100,10096,B082VCP3L4,B099KNZ4QM,1.44,43.18,36.36,0.00,16.36,0.00,7days
walnuts 1_kg with shell nutraj,COMPETITOR,"Grocery-Dried Fruits, Nuts & Seeds",Chia Seeds,1-100,11015,B09FGT3DJZ,B09FGT3DJZ,2.21,8.89,9.18,0.00,8.70,0.00,7days
true elements chia seeds 250 gm,COMPETITOR,"Grocery-Dried Fruits, Nuts & Seeds",Chia Seeds,1-100,11099,B01M6ZAIXL,B08WJ8FZ6D,5.16,0.00,0.00,0.00,0.00,0.00,7days
nutraj chilean walnut inshell 1 kg,COMPETITOR,"Grocery-Dried Fruits, Nuts & Seeds",Chia Seeds,1-100,12301,B09FGT3DJZ,B09FGT3DJZ,2.67,25.64,25.58,0.00,12.82,0.00,7days
walnuts nutraj 500g,COMPETITOR,"Grocery-Dried Fruits, Nuts & Seeds",Chia Seeds,1-100,12506,B083BF53ZS,B07P56M78L,3.26,0.00,0.00,0.00,0.00,0.00,7days
nutriwish chia seeds for weight loss,COMPETITOR,"Grocery-Dried Fruits, Nuts & Seeds",Chia Seeds,1-100,13409,B07BJFWSMJ,B07H8HQYXJ,0.00,20.00,0.00,0.00,0.00,0.00,7days
nutraj berry mix,COMPETITOR,"Grocery-Dried Fruits, Nuts & Seeds",Chia Seeds,1-100,14287,B07X7X8QH6,B07X7X8QH6,11.60,0.00,0.00,0.00,0.00,0.00,7days
nutraj american dry berries,COMPETITOR,"Grocery-Dried Fruits, Nuts & Seeds",Chia Seeds,1-100,16854,B077YXWHV8,B07X7X8QH6,13.82,0.00,0.00,0.00,0.00,0.00,7days
chia seeds sorich,COMPETITOR,"Grocery-Dried Fruits, Nuts & Seeds",Chia Seeds,1-100,18236,B085RPYDM5,B072BG8Z6H,0.00,2.70,0.00,0.00,0.00,0.00,7days
tong garden sunflower seeds,COMPETITOR,"Grocery-Dried Fruits, Nuts & Seeds",Sunflower Seeds,100-1K,993,B084Q6X2M3,B07Q7KKYJV,5.44,0.41,2.30,0.00,3.98,0.00,7days
nuts about you sunflower seeds,COMPETITOR,"Grocery-Dried Fruits, Nuts & Seeds",Sunflower Seeds,100-1K,3952,B089WVWS97,B06WWP5JRD,0.70,0.00,0.00,0.00,0.00,0.00,7days
true elements sunflower seeds,COMPETITOR,"Grocery-Dried Fruits, Nuts & Seeds",Sunflower Seeds,1-100,5193,B01MAZ37UC,B06WWP5JRD,3.42,0.00,0.00,0.00,0.00,0.00,7days
jewel farmer,COMPETITOR,"Grocery-Dried Fruits, Nuts & Seeds",Flaxseeds,100-1K,1385,B07NQKQR4V,B07ND8WC8M,13.31,6.20,5.59,0.00,12.85,0.00,7days
neuherbs seeds,COMPETITOR,"Grocery-Dried Fruits, Nuts & Seeds",Flaxseeds,100-1K,2712,B07QX5QJ1H,B08Y6RJ3G4,0.36,0.00,0.00,0.00,0.00,0.00,7days
tong garden,COMPETITOR,"Grocery-Dried Fruits, Nuts & Seeds",Peanuts,1K-5K,277,B00M7TFH3W,B09P222TPN,33.33,0.00,0.00,3.53,9.69,0.00,7days
jabsons peanuts,COMPETITOR,"Grocery-Dried Fruits, Nuts & Seeds",Peanuts,1K-5K,318,B00ILIBKXY,B096NRGMCC,0.53,0.00,0.00,0.00,0.40,0.00,7days
tong garden peanuts,COMPETITOR,"Grocery-Dried Fruits, Nuts & Seeds",Peanuts,100-1K,640,B00M7TFH3W,B0B5Y4W92R,22.82,0.00,0.00,0.00,3.52,0.00,7days
haldiram peanuts salted,COMPETITOR,"Grocery-Dried Fruits, Nuts & Seeds",Peanuts,100-1K,2284,B01HCYY3VS,B0B5Y4W92R,8.26,0.00,0.00,0.00,0.00,0.00,7days
jabson,COMPETITOR,"Grocery-Dried Fruits, Nuts & Seeds",Peanuts,100-1K,2870,B096NRGMCC,B096NRGMCC,2.02,9.02,5.96,0.00,2.47,0.00,7days
tong garden salted peanuts,COMPETITOR,"Grocery-Dried Fruits, Nuts & Seeds",Peanuts,100-1K,2902,B00M7TFH3W,B09VDMZ71B,10.02,0.00,0.00,0.00,0.00,0.00,7days
jabson peanut,COMPETITOR,"Grocery-Dried Fruits, Nuts & Seeds",Peanuts,100-1K,3542,B09B7PKHZ7,B096NRGMCC,0.84,0.00,0.00,0.00,0.00,0.00,7days
tongs garden,COMPETITOR,"Grocery-Dried Fruits, Nuts & Seeds",Peanuts,100-1K,3714,B00M7TFH3W,B0869DLBGL,23.86,0.00,0.00,0.00,5.80,0.00,7days
haldiram salted peanuts,COMPETITOR,"Grocery-Dried Fruits, Nuts & Seeds",Peanuts,1-100,4751,B07XP92G92,B07KXGFGSS,8.19,0.00,0.00,0.00,0.00,0.00,7days
tong garden snacks,COMPETITOR,"Grocery-Dried Fruits, Nuts & Seeds",Peanuts,1-100,7699,B0869DLBGL,B00M70Z5RY,28.51,3.70,2.86,0.00,10.53,0.00,7days
jabsons roasted peanuts,COMPETITOR,"Grocery-Dried Fruits, Nuts & Seeds",Peanuts,1-100,10601,B071DJ8W7J,B071DJ8W7J,1.18,0.00,0.00,0.00,0.00,0.00,7days
tong garden wasabi,COMPETITOR,"Grocery-Dried Fruits, Nuts & Seeds",Peanuts,1-100,11515,B008BS3OA6,B0B946677H,13.50,0.00,0.00,0.00,48.45,0.00,7days
diamond roasted peanuts,COMPETITOR,"Grocery-Dried Fruits, Nuts & Seeds",Peanuts,1-100,14073,B08TT5NPWS,B0B51QLCWW,2.61,0.00,0.00,0.00,0.00,0.00,7days
