keyword,keywordType,category,subcategory,traffic,categoryRank,searchVolumeGrowthWOW,searchVolumeGrowthVsTrailing4WeekAvg,mostClickedOrganicAsin,mostClickedSpAsin,firstPageOrganicCoverage,firstPageSpSOV,overallSpSOV,overallSpACOS,overallSbSOV,overallSbACOS,duration
farmley almond,COMPETITOR,"Grocery-Dried Fruits, Nuts & Seeds",Almonds,1K-5K,418,30.75,34.84,B08CN8L53P,B0992KMQYL,29.61,28.07,25.05,46.74,47.18,0.00,7days
farmley almonds 1kg,COMPETITOR,"Grocery-Dried Fruits, Nuts & Seeds",Almonds,100-1K,1767,23.54,49.37,B08P2W57NL,B09HRZ45SQ,27.10,27.24,25.97,0.00,45.15,0.00,7days
nutraj almond,COMPETITOR,"Grocery-Dried Fruits, Nuts & Seeds",Almonds,100-1K,600,1.79,10.82,B07JN5QNSK,B0992KMQYL,12.23,31.32,29.51,15.19,43.26,4.04,7days
tata sampann,GENERIC,"Grocery-Dried Fruits, Nuts & Seeds",Almonds,100-1K,703,94.93,203.18,B09GNV7YZM,B09GNT1PBZ,1.84,3.03,3.68,0.00,2.12,0.00,7days
vezlay,GENERIC,"Grocery-Dried Fruits, Nuts & Seeds",Almonds,100-1K,573,66.98,218.73,B09WRMXP9Z,B09WRMXP9Z,10.47,2.07,2.41,0.00,7.33,0.00,7days
badam+1kg,GENERIC,"Grocery-Dried Fruits, Nuts & Seeds",Almonds,100-1K,693,63.14,119.81,B0B3954NJ4,B0992KMQYL,10.43,28.60,26.97,0.00,49.47,0.00,7days
we care eco products,GENERIC,"Grocery-Dried Fruits, Nuts & Seeds",Almonds,100-1K,847,57.12,146.84,B0977R3RSB,B09FT6T6L2,54.78,5.41,1.59,0.00,17.27,0.00,7days
happilo almonds 200 grams,GENERIC,"Grocery-Dried Fruits, Nuts & Seeds",Almonds,100-1K,965,54.92,98.81,B01LY6B08A,B084884GKX,80.99,59.56,56.53,37.81,54.92,13.65,7days
badam 1_kg,GENERIC,"Grocery-Dried Fruits, Nuts & Seeds",Almonds,100-1K,1641,49.25,14.61,B07GQNM6N2,B0992KMQYL,18.60,30.34,29.76,0.00,57.40,0.00,7days
things under 200,GENERIC,"Grocery-Dried Fruits, Nuts & Seeds",Almonds,100-1K,1387,43.42,58.73,B0999P7NVG,B07GXPDLYQ,32.75,0.00,0.00,0.00,0.00,0.00,7days
amond dry food,GENERIC,"Grocery-Dried Fruits, Nuts & Seeds",Almonds,100-1K,593,40.04,38.65,B06X6GSBMR,B084884GKX,32.32,8.64,10.11,58.04,44.92,0.00,7days
amazon fresh grocery offers today,GENERIC,"Grocery-Dried Fruits, Nuts & Seeds",Almonds,100-1K,1140,36.74,34.32,B084884GKX,B00M57WJQ4,22.80,50.08,33.74,0.00,8.35,0.00,7days
smoked almonds salted,GENERIC,"Grocery-Dried Fruits, Nuts & Seeds",Almonds,100-1K,1759,35.28,27.16,B09GWH5XXD,B09WRMDZ3G,6.33,20.40,21.07,0.00,27.71,0.00,7days
zoff almonds 250 grams,GENERIC,"Grocery-Dried Fruits, Nuts & Seeds",Almonds,100-1K,1581,34.16,115.76,B0992KMQYL,B09M6RRYDM,21.14,29.60,25.72,0.00,58.40,0.00,7days
ajfan,GENERIC,"Grocery-Dried Fruits, Nuts & Seeds",Almonds,100-1K,1394,31.78,89.54,B0BFVVQ2S3,B085NTZMVR,34.63,9.24,7.00,0.00,42.59,0.00,7days
amand badam 1kg,GENERIC,"Grocery-Dried Fruits, Nuts & Seeds",Almonds,100-1K,1291,31.57,44.16,B0992KMQYL,B0992KMQYL,24.32,32.83,30.24,21.73,50.79,4.03,7days
rajnigandha,GENERIC,"Grocery-Dried Fruits, Nuts & Seeds",Almonds,100-1K,717,31.25,31.76,B08KDW2CYZ,B07MMNDS15,4.32,0.00,0.00,0.00,0.00,0.00,7days
badam 200 grams,GENERIC,"Grocery-Dried Fruits, Nuts & Seeds",Almonds,100-1K,1268,28.98,43.37,B01LY6B08A,B07GQNLYBN,35.32,37.98,37.68,0.00,46.61,0.00,7days
amazon pantry,GENERIC,"Grocery-Dried Fruits, Nuts & Seeds",Almonds,1K-5K,519,28.31,18.47,B09GNSFRVC,B0754LKDJ4,12.07,1.38,1.34,0.00,14.94,0.00,7days
almond nuts,GENERIC,"Grocery-Dried Fruits, Nuts & Seeds",Almonds,100-1K,726,27.78,21.88,B06X6GSBMR,B084884GKX,19.50,27.31,26.24,21.60,56.28,13.83,7days
happilo almond,GENERIC,"Grocery-Dried Fruits, Nuts & Seeds",Almonds,1K-5K,481,26.81,43.86,B01LY6B08A,B084884GKX,78.82,58.97,57.42,30.81,63.60,36.97,7days
california almond,GENERIC,"Grocery-Dried Fruits, Nuts & Seeds",Almonds,100-1K,1074,26.17,15.88,B0758JYQVL,B0992KMQYL,26.58,21.48,20.84,41.92,56.06,0.00,7days
almonds 500gms,GENERIC,"Grocery-Dried Fruits, Nuts & Seeds",Almonds,1K-5K,436,25.60,27.73,B084884GKX,B084884GKX,19.39,21.82,20.24,13.02,60.07,0.00,7days
almonds happilo,GENERIC,"Grocery-Dried Fruits, Nuts & Seeds",Almonds,100-1K,1395,25.59,22.19,B0758JYQVL,B084884GKX,67.34,50.16,46.07,10.96,58.71,0.00,7days
almond 1 kg packet offers,GENERIC,"Grocery-Dried Fruits, Nuts & Seeds",Almonds,100-1K,1425,25.35,18.16,B07JN5QNSK,B0992KMQYL,18.84,35.94,31.93,9.66,53.86,0.00,7days
raw almonds,GENERIC,"Grocery-Dried Fruits, Nuts & Seeds",Almonds,100-1K,1513,24.93,41.79,B08MWR85DN,B01LPY9XY8,17.90,21.31,20.85,24.62,51.07,0.00,7days
gulbandi almond,GENERIC,"Grocery-Dried Fruits, Nuts & Seeds",Almonds,100-1K,1474,24.25,15.36,B07N1NFFJK,B09S11T4VQ,10.57,18.37,15.33,0.00,41.52,0.00,7days
sindhi dry fruits,GENERIC,"Grocery-Dried Fruits, Nuts & Seeds",Almonds,100-1K,804,23.47,14.83,B08JJBCSV5,B09WHRK8N3,20.83,2.71,2.06,0.00,46.47,0.00,7days
best sellers,GENERIC,"Grocery-Dried Fruits, Nuts & Seeds",Almonds,100-1K,1368,23.06,32.34,B019IDVF5I,B084DWH53T,3.56,4.85,3.95,0.00,54.08,0.00,7days
mamra almonds 500gm,GENERIC,"Grocery-Dried Fruits, Nuts & Seeds",Almonds,100-1K,1509,22.11,39.56,B08CR38Z6Q,B08J2Y66LV,24.29,23.95,22.30,0.00,55.10,0.00,7days
badam 200gm,GENERIC,"Grocery-Dried Fruits, Nuts & Seeds",Almonds,100-1K,1365,21.19,21.59,B01LY6B08A,B07GQNLYBN,22.35,34.04,32.71,69.19,55.30,7.87,7days
200 rupees items,GENERIC,"Grocery-Dried Fruits, Nuts & Seeds",Almonds,1K-5K,543,20.47,21.40,B096V8W9XR,B07HQSQRJT,27.42,0.00,0.00,0.00,23.78,0.00,7days
almond mamra,GENERIC,"Grocery-Dried Fruits, Nuts & Seeds",Almonds,100-1K,1037,20.34,19.48,B07VV1GFL9,B08J2Y66LV,9.54,18.71,15.66,0.00,37.52,37.66,7days
chiraunji,GENERIC,"Grocery-Dried Fruits, Nuts & Seeds",Almonds,100-1K,1762,19.51,39.82,B075X499XJ,B07X26MCD6,6.58,3.70,4.16,0.00,3.18,0.00,7days
athipalam dry fruits 1kg offer,GENERIC,"Grocery-Dried Fruits, Nuts & Seeds",Almonds,100-1K,1184,18.43,8.08,B0BBD2QQ2N,B09TJMP82G,17.78,0.88,1.56,0.00,41.32,0.00,7days
almond happilo,GENERIC,"Grocery-Dried Fruits, Nuts & Seeds",Almonds,100-1K,1723,18.17,28.76,B0758JYQVL,B0992KMQYL,73.66,50.61,49.08,9.13,57.04,0.00,7days
dry fruit combo pack offer,GENERIC,"Grocery-Dried Fruits, Nuts & Seeds",Almonds,100-1K,1633,17.79,13.48,B09NBVFSSR,B07BKRDDN4,20.04,0.90,3.00,0.00,39.33,0.00,7days
sugar badam,GENERIC,"Grocery-Dried Fruits, Nuts & Seeds",Almonds,1K-5K,360,17.34,54.15,B09MTM3V27,B08DM2ZPZZ,20.81,21.26,19.47,0.00,24.26,0.00,7days
angira dry fruit 1kg,GENERIC,"Grocery-Dried Fruits, Nuts & Seeds",Almonds,100-1K,1094,17.22,17.73,B0B362KPCF,B0758D65V3,15.59,10.75,8.19,0.00,45.92,0.00,7days
padam nuts 500g,GENERIC,"Grocery-Dried Fruits, Nuts & Seeds",Almonds,100-1K,842,17.19,29.53,B06X6GSBMR,B084884GKX,14.73,38.73,34.90,15.41,46.13,0.00,7days
offers,GENERIC,"Grocery-Dried Fruits, Nuts & Seeds",Almonds,1K-5K,353,16.99,55.28,B0992KMQYL,B08P6ZFBM7,56.03,0.00,0.00,0.00,0.23,0.00,7days
almond 200gm,GENERIC,"Grocery-Dried Fruits, Nuts & Seeds",Almonds,100-1K,790,16.83,21.66,B01LY6B08A,B07GQNLYBN,27.79,27.21,25.86,25.38,51.52,0.00,7days
vedaka dry fruits,GENERIC,"Grocery-Dried Fruits, Nuts & Seeds",Almonds,100-1K,831,16.52,41.74,B07GR24VMV,B07GR3S1RR,7.40,10.30,10.46,0.00,34.33,0.00,7days
almond 500gm offers low price,GENERIC,"Grocery-Dried Fruits, Nuts & Seeds",Almonds,100-1K,1640,16.50,6.19,B06X6GSBMR,B084884GKX,23.68,37.19,31.17,16.48,53.72,0.00,7days
smoked almonds,GENERIC,"Grocery-Dried Fruits, Nuts & Seeds",Almonds,100-1K,1122,16.37,18.62,B09GWH5XXD,B09WRMDZ3G,6.78,20.46,19.26,0.00,31.53,0.00,7days
almonda,GENERIC,"Grocery-Dried Fruits, Nuts & Seeds",Almonds,100-1K,1412,16.03,39.10,B0992KMQYL,B084884GKX,27.72,16.29,14.29,8.99,54.10,0.00,7days
amazon food,GENERIC,"Grocery-Dried Fruits, Nuts & Seeds",Almonds,10K-50K,52,15.98,12.10,B07GQNQNJG,B01LZ5DFW2,22.11,36.92,36.54,0.00,0.51,0.00,7days
1kg badam,GENERIC,"Grocery-Dried Fruits, Nuts & Seeds",Almonds,100-1K,1461,15.47,9.37,B0B1WTLDWN,B0992KMQYL,12.70,22.01,21.47,244.15,40.73,0.00,7days
tata dry fruits,GENERIC,"Grocery-Dried Fruits, Nuts & Seeds",Almonds,1K-5K,525,15.24,42.59,B09GNSFRVC,B0BFRL2RJ2,24.34,18.03,22.27,0.00,33.06,0.00,7days
tata sampann cashew,COMPETITOR,"Grocery-Dried Fruits, Nuts & Seeds",Cashews,100-1K,1208,48.87,62.41,B09GNT1PBZ,B09GNSDZVW,21.57,7.90,7.71,0.00,12.48,0.00,7days
tata cashew,COMPETITOR,"Grocery-Dried Fruits, Nuts & Seeds",Cashews,100-1K,840,24.52,31.25,B09GNSDZVW,B09GNSDZVW,19.58,31.29,30.17,0.00,40.43,0.00,7days
nutraj cashew,COMPETITOR,"Grocery-Dried Fruits, Nuts & Seeds",Cashews,100-1K,704,15.82,11.55,B07CK575ZB,B07CK575ZB,13.37,18.10,17.44,24.41,39.11,0.00,7days
nutraj dry fruits,COMPETITOR,"Grocery-Dried Fruits, Nuts & Seeds",Cashews,1K-5K,229,2.54,9.02,B07JN5QNSK,B07BKRDDN4,3.60,0.75,3.59,11.74,30.81,0.00,7days
non returnable,GENERIC,"Grocery-Dried Fruits, Nuts & Seeds",Cashews,100-1K,1488,111.58,114.63,B01LZ5DPXD,B01E2Y0ERS,5.05,0.00,0.00,0.00,0.00,0.00,7days
healthy snacks for adults,GENERIC,"Grocery-Dried Fruits, Nuts & Seeds",Cashews,100-1K,980,80.53,221.92,B01LY6B085,B0BG5RGZ8J,14.61,0.32,0.60,0.00,14.55,0.00,7days
cashews 1_kg,GENERIC,"Grocery-Dried Fruits, Nuts & Seeds",Cashews,100-1K,885,54.04,89.78,B0992N4SCC,B09TQYVMHY,17.56,13.65,12.19,6.37,34.78,0.00,7days
butterscotch chips,GENERIC,"Grocery-Dried Fruits, Nuts & Seeds",Cashews,100-1K,1407,47.71,28.88,B08L2H98WD,B08L5KJGLP,10.01,0.00,0.00,0.00,34.13,0.00,7days
kaju 200gm,GENERIC,"Grocery-Dried Fruits, Nuts & Seeds",Cashews,100-1K,902,42.68,37.68,B01LZ5DPXD,B01LZ5DPXD,18.29,48.89,47.32,22.60,47.62,0.00,7days
cashew 100gms,GENERIC,"Grocery-Dried Fruits, Nuts & Seeds",Cashews,100-1K,1356,39.93,73.81,B07GQZSS49,B01LZ5DPXD,17.12,21.75,20.95,12.47,30.96,0.00,7days
काजू 1kg सस्ते दर पर,GENERIC,"Grocery-Dried Fruits, Nuts & Seeds",Cashews,100-1K,1315,39.38,51.53,B07X9NLL8T,B07GQW1HHN,19.02,17.71,16.15,22.15,40.16,0.00,7days
pepper cashew,GENERIC,"Grocery-Dried Fruits, Nuts & Seeds",Cashews,100-1K,1780,39.10,36.87,B07BP6TBPS,B09G6YLSH3,7.86,6.64,7.75,0.00,38.82,0.00,7days
cashew split,GENERIC,"Grocery-Dried Fruits, Nuts & Seeds",Cashews,100-1K,932,38.40,68.31,B08B414K97,B07GQWS1BS,11.71,4.87,5.19,0.00,46.29,0.00,7days
broken cashews,GENERIC,"Grocery-Dried Fruits, Nuts & Seeds",Cashews,100-1K,1075,37.67,43.17,B09GNT1PBZ,B07GQWS1BS,18.05,18.52,16.87,8.13,28.82,0.00,7days
cashew 1_kg,GENERIC,"Grocery-Dried Fruits, Nuts & Seeds",Cashews,100-1K,1390,37.32,9.82,B06X6GSBMR,B01LZ5DPXD,20.51,29.53,25.78,6.37,48.22,0.00,7days
chasewnut,GENERIC,"Grocery-Dried Fruits, Nuts & Seeds",Cashews,100-1K,1230,36.08,74.30,B06WLL7WKB,B08487XKYR,18.81,28.88,25.97,5.60,45.23,0.00,7days
broken kaju,GENERIC,"Grocery-Dried Fruits, Nuts & Seeds",Cashews,100-1K,1046,31.36,28.29,B08DG4JMT9,B07GQWS1BS,15.04,27.97,23.92,0.00,42.28,0.00,7days
brill dry fruits,GENERIC,"Grocery-Dried Fruits, Nuts & Seeds",Cashews,100-1K,1637,29.22,22.51,B0BHJ3RKVH,B09WRMXP9Z,19.67,19.67,14.99,0.00,39.27,0.00,7days
caju nuts 1kg,GENERIC,"Grocery-Dried Fruits, Nuts & Seeds",Cashews,100-1K,1565,29.00,51.86,B07X9NLL8T,B0992N4SCC,24.71,25.95,21.06,5.36,49.56,0.00,7days
cashew roasted salted,GENERIC,"Grocery-Dried Fruits, Nuts & Seeds",Cashews,100-1K,1284,28.99,47.76,B07GR6G246,B01LX75MZS,14.52,22.40,20.97,44.05,34.72,5.92,7days
cashew salted,GENERIC,"Grocery-Dried Fruits, Nuts & Seeds",Cashews,100-1K,1099,28.63,41.45,B09314YCY4,B0B5LSKTD1,9.90,22.19,21.77,25.05,23.08,0.00,7days
macrons,GENERIC,"Grocery-Dried Fruits, Nuts & Seeds",Cashews,100-1K,1619,28.57,34.08,B098KKK2CZ,B092RF56BM,8.39,0.00,0.00,0.00,40.50,0.00,7days
nuts combo pack offer,GENERIC,"Grocery-Dried Fruits, Nuts & Seeds",Cashews,100-1K,751,28.01,39.51,B07RG39SDW,B09HTWBZ66,20.74,7.00,6.22,12.11,31.95,0.00,7days
cashew 200gm,GENERIC,"Grocery-Dried Fruits, Nuts & Seeds",Cashews,1K-5K,295,27.36,32.97,B08KGCBBPM,B01LZ5DPXD,19.71,22.61,22.64,13.99,28.52,0.00,7days
cashew 500g,GENERIC,"Grocery-Dried Fruits, Nuts & Seeds",Cashews,100-1K,620,26.93,53.22,B06WLL7WKB,B08487XKYR,14.53,34.89,31.76,6.65,41.63,0.00,7days
kaju 250 grams fresh,GENERIC,"Grocery-Dried Fruits, Nuts & Seeds",Cashews,1K-5K,551,26.71,89.70,B08KGCBBPM,B01LZ5DPXD,18.19,22.90,23.17,16.26,24.05,0.00,7days
kaju 1_kg,GENERIC,"Grocery-Dried Fruits, Nuts & Seeds",Cashews,10K-50K,41,25.84,24.56,B0992N4SCC,B07GQW1HHN,18.27,18.32,15.45,20.37,49.66,72.86,7days
cashews 500g in fresh,GENERIC,"Grocery-Dried Fruits, Nuts & Seeds",Cashews,100-1K,988,25.75,29.47,B06WLL7WKB,B08487XKYR,20.62,20.36,21.14,19.25,22.00,0.00,7days
kaju 100gm,GENERIC,"Grocery-Dried Fruits, Nuts & Seeds",Cashews,100-1K,880,25.50,40.12,B07GQZSS49,B07GQZSS49,18.45,36.71,29.01,0.00,49.41,0.00,7days
masala cashews roasted,GENERIC,"Grocery-Dried Fruits, Nuts & Seeds",Cashews,100-1K,667,24.43,45.13,B099264CTM,B0BGJM5RFM,7.05,4.20,6.59,0.00,35.20,20.34,7days
kaju 100g,GENERIC,"Grocery-Dried Fruits, Nuts & Seeds",Cashews,100-1K,1058,22.41,30.31,B08H3M4ZGX,B01LZ5DPXD,14.34,16.86,16.26,8.23,22.14,0.00,7days
tukda kaju,GENERIC,"Grocery-Dried Fruits, Nuts & Seeds",Cashews,100-1K,1320,22.21,40.14,B09TRLSK6G,B08DG4JMT9,16.06,32.87,23.36,0.00,44.03,0.00,7days
kaju 250 grams,GENERIC,"Grocery-Dried Fruits, Nuts & Seeds",Cashews,5K-10K,91,22.11,27.74,B06X8ZCKQ7,B01LZ5DPXD,18.00,41.53,36.50,34.17,48.81,322.08,7days
roasted cashew,GENERIC,"Grocery-Dried Fruits, Nuts & Seeds",Cashews,1K-5K,457,21.96,35.37,B09314YCY4,B0B5LSKTD1,13.39,15.45,13.30,24.30,32.46,70.12,7days
dry nuts combo pack offer,GENERIC,"Grocery-Dried Fruits, Nuts & Seeds",Cashews,100-1K,617,21.64,22.45,B0758JQGQ6,B09HTWBZ66,19.53,12.77,11.92,0.00,48.09,0.00,7days
kaju 500 grams,GENERIC,"Grocery-Dried Fruits, Nuts & Seeds",Cashews,1K-5K,164,21.26,43.43,B09GNSDZVW,B09GNSDZVW,17.76,26.96,27.03,11.75,18.51,0.00,7days
kashew,GENERIC,"Grocery-Dried Fruits, Nuts & Seeds",Cashews,100-1K,960,20.77,49.47,B01LZ5DPXD,B08487XKYR,12.72,0.00,0.00,0.00,0.00,0.00,7days
cashew broken,GENERIC,"Grocery-Dried Fruits, Nuts & Seeds",Cashews,1K-5K,491,20.48,27.08,B07GQWS1BS,B07GQWS1BS,12.75,15.96,17.27,0.00,42.24,0.00,7days
roasted salted cashews,GENERIC,"Grocery-Dried Fruits, Nuts & Seeds",Cashews,100-1K,1693,19.44,-1.71,B09314YCY4,B0992N4SCC,9.83,16.61,15.10,0.00,35.46,0.00,7days
kazu 500 gm,GENERIC,"Grocery-Dried Fruits, Nuts & Seeds",Cashews,100-1K,1393,18.19,7.54,B07GQWS1BS,B08487XKYR,17.60,43.92,37.74,0.00,41.39,0.00,7days
goa kaju,GENERIC,"Grocery-Dried Fruits, Nuts & Seeds",Cashews,100-1K,1406,17.87,37.52,B07MB56F7P,B08487XKYR,19.78,36.26,30.75,0.00,49.37,0.00,7days
cashew nut 1kg,GENERIC,"Grocery-Dried Fruits, Nuts & Seeds",Cashews,100-1K,1688,17.47,23.42,B07X9NLL8T,B0992N4SCC,23.22,39.23,31.48,20.13,42.65,0.00,7days
1kg+cashew,GENERIC,"Grocery-Dried Fruits, Nuts & Seeds",Cashews,1K-5K,478,17.46,134.39,B089T7TW2B,B08487XKYR,24.91,39.06,34.26,0.00,43.00,0.00,7days
cashew 500gm offers low price,GENERIC,"Grocery-Dried Fruits, Nuts & Seeds",Cashews,100-1K,1784,17.38,8.30,B06WLL7WKB,B07GQW1HHN,13.56,34.22,32.28,7.14,44.33,2.36,7days
dry fruit combo,GENERIC,"Grocery-Dried Fruits, Nuts & Seeds",Cashews,100-1K,648,16.92,12.69,B08X6K464N,B09RQSH3VM,10.12,1.10,1.65,0.00,33.98,0.00,7days
open secret cashew,GENERIC,"Grocery-Dried Fruits, Nuts & Seeds",Cashews,100-1K,1110,16.86,42.64,B092LRZ78P,B0B541P1N6,11.60,2.82,4.70,0.00,35.89,0.00,7days
organic cashew nuts,GENERIC,"Grocery-Dried Fruits, Nuts & Seeds",Cashews,100-1K,1204,16.35,58.82,B082M65GSR,B09TQYVMHY,7.92,20.39,17.34,0.00,35.08,11.70,7days
cashews 250 grams,GENERIC,"Grocery-Dried Fruits, Nuts & Seeds",Cashews,100-1K,582,16.07,8.87,B06X8ZCKQ7,B01LZ5DPXD,17.38,30.07,26.37,17.44,43.25,0.00,7days
dry fruit gift,GENERIC,"Grocery-Dried Fruits, Nuts & Seeds",Cashews,100-1K,1411,16.03,17.36,B07VMBKWTM,B09HTWBZ66,10.51,4.53,4.29,0.00,21.36,0.00,7days
gourmia pistachios,COMPETITOR,"Grocery-Dried Fruits, Nuts & Seeds",Pistachios,100-1K,1338,18.86,30.04,B01N3C3RQ9,B08487WD3J,12.67,49.69,47.18,13.60,50.73,0.00,7days
tulsi pistachios,COMPETITOR,"Grocery-Dried Fruits, Nuts & Seeds",Pistachios,100-1K,1057,18.10,24.78,B01NCIHFCU,B08487WD3J,37.29,63.71,55.46,0.00,48.19,0.00,7days
nutraj pistachios,COMPETITOR,"Grocery-Dried Fruits, Nuts & Seeds",Pistachios,100-1K,795,14.18,15.93,B07DL8YV85,B015T5A7NK,23.87,43.81,42.06,62.61,32.59,0.00,7days
sft dry fruits and nuts,COMPETITOR,"Grocery-Dried Fruits, Nuts & Seeds",Pistachios,1K-5K,335,6.65,18.74,B075X3N2W9,B09WRMXP9Z,8.40,11.33,9.74,0.00,18.43,0.00,7days
pistachios 500gm without shell,GENERIC,"Grocery-Dried Fruits, Nuts & Seeds",Pistachios,100-1K,1761,69.48,96.93,B0B36532J5,B07QM4J6JF,29.40,54.64,46.62,39.06,40.24,0.00,7days
anjeer happilo,GENERIC,"Grocery-Dried Fruits, Nuts & Seeds",Pistachios,100-1K,1532,64.75,105.23,B0758D65V3,B0758D65V3,38.21,9.69,7.48,3.39,35.16,0.00,7days
pista without salt,GENERIC,"Grocery-Dried Fruits, Nuts & Seeds",Pistachios,100-1K,1028,52.69,33.50,B0992MLYPH,B0992MLYPH,21.34,38.29,32.07,32.78,41.09,0.00,7days
pistachio without shell,GENERIC,"Grocery-Dried Fruits, Nuts & Seeds",Pistachios,100-1K,1756,38.28,26.31,B08BY74WKZ,B01LZ5DFW2,24.02,50.19,42.82,23.19,43.14,37.53,7days
pistachios 500gm salted,GENERIC,"Grocery-Dried Fruits, Nuts & Seeds",Pistachios,100-1K,1654,37.44,46.18,B09KGMTSGM,B08487WD3J,28.96,42.64,39.81,0.00,52.99,30.87,7days
pista plain,GENERIC,"Grocery-Dried Fruits, Nuts & Seeds",Pistachios,100-1K,796,36.66,46.33,B0992MLYPH,B01LZ5DFW2,20.06,45.16,38.71,22.34,40.75,0.00,7days
pista kernels unsalted,GENERIC,"Grocery-Dried Fruits, Nuts & Seeds",Pistachios,100-1K,1388,36.04,53.90,B0992MLYPH,B0992MLYPH,17.49,48.28,44.25,26.10,44.66,0.00,7days
pista dry fruits,GENERIC,"Grocery-Dried Fruits, Nuts & Seeds",Pistachios,100-1K,1611,31.80,19.35,B09TH95FS9,B09M6WW5QV,21.60,42.53,36.97,43.69,41.10,0.00,7days
pistachio 250 grams,GENERIC,"Grocery-Dried Fruits, Nuts & Seeds",Pistachios,100-1K,1604,30.10,31.07,B08R87PDTG,B01LZ5DFW2,18.60,75.55,57.96,0.00,43.40,0.00,7days
pistachio unsalted,GENERIC,"Grocery-Dried Fruits, Nuts & Seeds",Pistachios,100-1K,1833,28.67,5.15,B01LZ5DFW2,B0992MLYPH,20.88,50.00,48.13,26.47,44.72,0.00,7days
pistachios unsalted,GENERIC,"Grocery-Dried Fruits, Nuts & Seeds",Pistachios,100-1K,559,25.10,16.87,B0992MLYPH,B08487WD3J,20.20,58.98,54.21,22.60,45.64,0.00,7days
pistachio in fresh,GENERIC,"Grocery-Dried Fruits, Nuts & Seeds",Pistachios,100-1K,715,25.03,15.40,B01LZ5DFW2,B01LZ5DFW2,33.08,52.09,51.98,14.55,60.59,0.00,7days
salted pistachios 1kg offer,GENERIC,"Grocery-Dried Fruits, Nuts & Seeds",Pistachios,100-1K,1293,24.77,54.02,B075Q57MHV,B08487WD3J,26.86,47.03,44.39,8.31,55.76,7.46,7days
raw pista,GENERIC,"Grocery-Dried Fruits, Nuts & Seeds",Pistachios,100-1K,1270,19.80,53.09,B07TLMNCXW,B0992MLYPH,18.60,57.83,46.36,61.95,45.03,3.65,7days
unsalted pistachios without shell,GENERIC,"Grocery-Dried Fruits, Nuts & Seeds",Pistachios,100-1K,1490,19.13,44.39,B07TC6DCY6,B0992MLYPH,22.67,68.44,53.53,29.81,52.53,0.00,7days
pesta,GENERIC,"Grocery-Dried Fruits, Nuts & Seeds",Pistachios,100-1K,716,18.87,12.17,B01LZ5DFW2,B01LZ5DFW2,30.36,72.89,62.72,11.20,32.48,0.00,7days
pista 100 grams,GENERIC,"Grocery-Dried Fruits, Nuts & Seeds",Pistachios,100-1K,748,18.60,23.87,B09TH95FS9,B01LZ5DFW2,13.46,54.98,48.21,43.10,42.44,0.00,7days
fig 1kg,GENERIC,"Grocery-Dried Fruits, Nuts & Seeds",Pistachios,100-1K,666,15.96,20.29,B0B63C615W,B099KGD1C2,13.31,7.84,5.26,14.65,3.39,0.00,7days
mix dry fruits 500gm,GENERIC,"Grocery-Dried Fruits, Nuts & Seeds",Pistachios,1K-5K,508,15.90,25.81,B0BHJDKLKK,B01LY6B085,27.35,50.42,37.27,49.87,54.31,0.00,7days
pista happilo,GENERIC,"Grocery-Dried Fruits, Nuts & Seeds",Pistachios,100-1K,1805,13.37,27.97,B08487WD3J,B01LZ5DFW2,69.44,57.85,56.20,3.09,47.54,0.00,7days
pista without shell,GENERIC,"Grocery-Dried Fruits, Nuts & Seeds",Pistachios,1K-5K,287,12.04,10.98,B0992MLYPH,B0992MLYPH,16.63,48.33,38.73,16.54,48.82,0.00,7days
pista 500gm fresh,GENERIC,"Grocery-Dried Fruits, Nuts & Seeds",Pistachios,1K-5K,254,11.87,17.34,B08487WD3J,B01LZ5DFW2,32.42,52.22,51.86,10.24,52.92,29.18,7days
pistha,GENERIC,"Grocery-Dried Fruits, Nuts & Seeds",Pistachios,100-1K,766,10.95,-2.30,B01LZ5DFW2,B01LZ5DFW2,31.39,67.51,61.32,25.74,31.14,0.00,7days
pista salted roasted,GENERIC,"Grocery-Dried Fruits, Nuts & Seeds",Pistachios,100-1K,906,8.58,22.98,B01LZ5DFW2,B01LZ5DFW2,25.32,32.39,34.66,63.23,53.59,0.00,7days
prov pistachios,GENERIC,"Grocery-Dried Fruits, Nuts & Seeds",Pistachios,100-1K,1727,8.57,33.37,B07QPT51VG,B08487WD3J,26.92,55.74,54.85,0.00,49.63,0.00,7days
green pista,GENERIC,"Grocery-Dried Fruits, Nuts & Seeds",Pistachios,100-1K,1040,8.43,7.20,B0992MLYPH,B01LZ5DFW2,26.09,63.88,51.78,5.33,43.73,0.00,7days
pista unsalted,GENERIC,"Grocery-Dried Fruits, Nuts & Seeds",Pistachios,1K-5K,483,8.37,12.13,B0992MLYPH,B0992MLYPH,20.38,53.11,46.17,8.73,43.04,0.00,7days
anjir price 1kg,GENERIC,"Grocery-Dried Fruits, Nuts & Seeds",Pistachios,5K-10K,156,7.68,18.47,B0B34JTB6J,B0758D65V3,0.21,9.02,7.12,132.91,3.55,0.00,7days
pistachio 1kg offers low price,GENERIC,"Grocery-Dried Fruits, Nuts & Seeds",Pistachios,100-1K,740,7.53,12.45,B01LZ5DFW2,B08487WD3J,19.28,47.88,42.01,10.51,52.13,43.68,7days
anjir price 500gm,GENERIC,"Grocery-Dried Fruits, Nuts & Seeds",Pistachios,1K-5K,373,7.42,18.05,B097GYKB64,B0758D65V3,7.57,13.13,10.21,31.94,4.59,0.00,7days
pistachios,GENERIC,"Grocery-Dried Fruits, Nuts & Seeds",Pistachios,10K-50K,31,7.42,-9.21,B01LZ5DFW2,B01LZ5DFW2,26.69,39.07,36.41,18.61,52.73,23.25,7days
dryfruit mart,GENERIC,"Grocery-Dried Fruits, Nuts & Seeds",Pistachios,100-1K,671,7.35,14.59,B07CK8X91S,B01LZ5DFW2,25.24,22.22,17.92,67.92,18.44,0.00,7days
pistachio kernels,GENERIC,"Grocery-Dried Fruits, Nuts & Seeds",Pistachios,100-1K,1655,6.19,43.03,B0992MLYPH,B0992MLYPH,22.92,54.61,49.84,0.00,45.17,0.00,7days
pistachio 1kg,GENERIC,"Grocery-Dried Fruits, Nuts & Seeds",Pistachios,100-1K,722,5.96,-0.09,B08ZD1DXKV,B08487WD3J,20.59,45.76,42.86,41.17,55.77,0.00,7days
strawberry,GENERIC,"Grocery-Dried Fruits, Nuts & Seeds",Pistachios,5K-10K,113,5.81,21.00,B01BLBNU4Y,B08M5SSBHQ,7.79,0.05,0.05,0.00,7.95,0.00,7days
roasted pistachio,GENERIC,"Grocery-Dried Fruits, Nuts & Seeds",Pistachios,1K-5K,271,5.07,4.20,B01LZ5DFW2,B01LZ5DFW2,23.61,36.87,35.69,17.27,54.39,66.60,7days
unsalted pista,GENERIC,"Grocery-Dried Fruits, Nuts & Seeds",Pistachios,100-1K,625,4.41,2.37,B0992MLYPH,B0992MLYPH,19.71,54.51,48.76,10.73,44.11,0.00,7days
unsalted pistachios,GENERIC,"Grocery-Dried Fruits, Nuts & Seeds",Pistachios,1K-5K,366,4.37,4.23,B0992MLYPH,B0992MLYPH,21.20,66.78,55.98,28.60,50.73,0.00,7days
rich valley dry fruit,GENERIC,"Grocery-Dried Fruits, Nuts & Seeds",Pistachios,100-1K,1708,4.25,7.64,B0B2VZH8CJ,B00J0KAMY0,21.89,42.81,35.65,0.00,36.86,0.00,7days
pista,GENERIC,"Grocery-Dried Fruits, Nuts & Seeds",Pistachios,50K-100K,10,4.21,6.78,B01LZ5DFW2,B01LZ5DFW2,26.46,35.49,33.14,15.81,48.09,52.52,7days
salted pista 1kg offers low price,GENERIC,"Grocery-Dried Fruits, Nuts & Seeds",Pistachios,100-1K,1592,3.92,5.42,B0758D1ZJ5,B0B4B4T88X,19.95,44.41,37.77,12.61,52.09,0.00,7days
pista 500gm,GENERIC,"Grocery-Dried Fruits, Nuts & Seeds",Pistachios,10K-50K,24,3.60,12.35,B08487WD3J,B01LZ5DFW2,21.36,50.25,43.02,12.73,42.85,28.45,7days
pista 1kg,GENERIC,"Grocery-Dried Fruits, Nuts & Seeds",Pistachios,10K-50K,58,3.49,6.63,B07M9SJK8Q,B08487WD3J,21.77,42.45,38.11,30.03,46.36,22.36,7days
salted pistachios,GENERIC,"Grocery-Dried Fruits, Nuts & Seeds",Pistachios,1K-5K,243,2.54,7.33,B01LZ5DFW2,B01LZ5DFW2,20.62,36.57,36.75,24.38,50.16,110.17,7days
amazon fresh fruits,GENERIC,"Grocery-Dried Fruits, Nuts & Seeds",Pistachios,100-1K,879,1.15,-4.08,B07BG7LBMS,B0BBH9L6Y9,8.68,0.15,0.11,0.00,8.86,0.00,7days
pista salted,GENERIC,"Grocery-Dried Fruits, Nuts & Seeds",Pistachios,100-1K,1205,0.56,-7.98,B08487WD3J,B01LZ5DFW2,26.31,39.55,39.16,22.47,50.00,0.00,7days
tulsi walnut kernels,COMPETITOR,"Grocery-Dried Fruits, Nuts & Seeds",Walnuts,100-1K,1327,28.86,36.64,B01HBRBY5E,B0758D65W6,7.96,19.18,16.86,0.00,17.14,0.00,7days
sft walnut,COMPETITOR,"Grocery-Dried Fruits, Nuts & Seeds",Walnuts,100-1K,1348,24.06,7.22,B075NNQ91J,B013U6HANA,3.35,9.41,9.64,0.00,16.40,0.00,7days
tulsi walnuts,COMPETITOR,"Grocery-Dried Fruits, Nuts & Seeds",Walnuts,1K-5K,356,11.03,11.64,B074Y1GGD2,B07LF8HCLL,11.75,18.88,18.62,0.00,24.92,0.00,7days
go walnut,COMPETITOR,"Grocery-Dried Fruits, Nuts & Seeds",Walnuts,100-1K,1763,10.75,31.13,B06X6KRZW1,B06X6KRZW1,5.28,5.34,4.20,0.00,26.76,0.00,7days
tulsi california walnuts,COMPETITOR,"Grocery-Dried Fruits, Nuts & Seeds",Walnuts,100-1K,1671,6.76,5.90,B01HBRBY5E,B0B1V3TMBG,12.90,24.75,22.94,0.00,21.63,0.00,7days
nutraj walnuts,COMPETITOR,"Grocery-Dried Fruits, Nuts & Seeds",Walnuts,1K-5K,206,2.94,8.64,B07P56M78L,B07P56M78L,11.05,2.54,2.74,0.00,15.93,0.00,7days
natraj walnuts 1kg,COMPETITOR,"Grocery-Dried Fruits, Nuts & Seeds",Walnuts,100-1K,1073,2.59,-5.48,B07P56M78L,B013U6HANA,4.29,18.72,17.43,0.00,14.27,0.00,7days
fruitri walnut,COMPETITOR,"Grocery-Dried Fruits, Nuts & Seeds",Walnuts,100-1K,1431,0.93,3.94,B07N8DWM3T,B08QG2X363,4.59,10.51,12.54,0.00,18.32,0.00,7days
kesarco walnut,GENERIC,"Grocery-Dried Fruits, Nuts & Seeds",Walnuts,100-1K,658,107.58,254.21,B09YNLBDJ2,B0758D65W6,11.20,31.16,30.79,0.00,24.79,0.00,7days
high quality walnuts,GENERIC,"Grocery-Dried Fruits, Nuts & Seeds",Walnuts,100-1K,1424,90.41,246.89,B01HBRBY5E,B0758D65W6,8.48,34.68,30.02,64.48,21.28,0.00,7days
happilo akhrot,GENERIC,"Grocery-Dried Fruits, Nuts & Seeds",Walnuts,100-1K,1489,55.62,129.30,B01LXUM54I,B0758D65W6,70.27,38.22,37.83,3.34,58.19,6.45,7days
akhrot without shell,GENERIC,"Grocery-Dried Fruits, Nuts & Seeds",Walnuts,100-1K,1295,51.07,37.86,B091MTZD7G,B0758JDCYB,11.24,43.77,39.52,0.00,18.58,0.00,7days
walnut powder,GENERIC,"Grocery-Dried Fruits, Nuts & Seeds",Walnuts,100-1K,1679,43.56,52.11,B092W23NY4,B01ABTZXQ0,0.38,0.00,0.00,0.00,2.18,0.00,7days
walnut 200gm,GENERIC,"Grocery-Dried Fruits, Nuts & Seeds",Walnuts,100-1K,1182,35.90,50.43,B01LZ596Q0,B01LZ596Q0,24.44,38.91,32.53,37.03,23.59,0.00,7days
walnuts 1kg with shell,GENERIC,"Grocery-Dried Fruits, Nuts & Seeds",Walnuts,1K-5K,175,34.20,44.31,B075NSDLKB,B013U6HANA,5.02,20.10,17.62,8.74,17.88,0.00,7days
whole walnuts with shell 1kg,GENERIC,"Grocery-Dried Fruits, Nuts & Seeds",Walnuts,100-1K,1247,31.82,14.57,B07M9DN2ND,B013U6HANA,5.43,23.55,21.20,0.00,18.06,0.00,7days
walnuts 1_kg,GENERIC,"Grocery-Dried Fruits, Nuts & Seeds",Walnuts,100-1K,863,30.49,27.77,B013U6HANA,B0758D65W6,16.91,14.05,14.53,0.00,20.39,0.00,7days
akhrot walnut giri 1kg,GENERIC,"Grocery-Dried Fruits, Nuts & Seeds",Walnuts,100-1K,850,30.12,45.57,B07NGRVTMQ,B0758JDCYB,14.37,20.38,19.65,65.38,12.20,0.00,7days
happilo walnut kernels,GENERIC,"Grocery-Dried Fruits, Nuts & Seeds",Walnuts,100-1K,1579,29.90,32.35,B0758JGL2C,B01LWVF5QE,75.69,63.82,63.56,9.32,46.15,0.00,7days
akroot,GENERIC,"Grocery-Dried Fruits, Nuts & Seeds",Walnuts,100-1K,1498,29.66,59.62,B01HBRBY5E,B0758JDCYB,20.02,31.24,28.72,0.00,29.75,0.00,7days
prakriti naturals,GENERIC,"Grocery-Dried Fruits, Nuts & Seeds",Walnuts,100-1K,877,28.81,58.73,B0BM6FK2H5,B07W1WDNF7,0.02,11.42,8.50,5.68,1.95,0.00,7days
akhroot,GENERIC,"Grocery-Dried Fruits, Nuts & Seeds",Walnuts,100-1K,1585,27.70,35.44,B0BK55QKZZ,B0758JDCYB,13.84,0.00,0.00,0.00,0.00,0.00,7days
roasted walnuts,GENERIC,"Grocery-Dried Fruits, Nuts & Seeds",Walnuts,100-1K,1748,25.35,30.39,B006QQQ9LQ,B0758JDCYB,13.19,25.00,22.87,19.12,25.31,0.00,7days
walnuts kernels 1kg,GENERIC,"Grocery-Dried Fruits, Nuts & Seeds",Walnuts,100-1K,1726,24.38,54.22,B07NGRVTMQ,B07LFJZR4G,4.46,24.20,22.67,0.00,13.25,0.00,7days
walnut kernel in fresh,GENERIC,"Grocery-Dried Fruits, Nuts & Seeds",Walnuts,1K-5K,338,23.83,30.97,B01HBRBY5E,B01LWJQ6KJ,28.35,45.70,45.35,5.61,7.37,0.00,7days
walnut without shell 1kg,GENERIC,"Grocery-Dried Fruits, Nuts & Seeds",Walnuts,100-1K,1018,23.00,35.56,B0BG862HVR,B07LF8HCLL,2.50,27.35,23.15,19.20,9.66,0.00,7days
akhroat,GENERIC,"Grocery-Dried Fruits, Nuts & Seeds",Walnuts,100-1K,1362,21.06,38.48,B01LZ596Q0,B0758JDCYB,13.09,45.00,0.00,0.00,0.00,0.00,7days
walnut 1kg offers low price,GENERIC,"Grocery-Dried Fruits, Nuts & Seeds",Walnuts,100-1K,1077,19.37,15.57,B013U6HANA,B0758JDCYB,5.90,46.60,42.29,0.00,20.60,0.00,7days
walnuts kernels,GENERIC,"Grocery-Dried Fruits, Nuts & Seeds",Walnuts,100-1K,1666,19.19,28.90,B01LWJQ6KJ,B0758JGL2C,12.09,30.81,26.36,16.77,15.81,0.00,7days
walnut 250 grams,GENERIC,"Grocery-Dried Fruits, Nuts & Seeds",Walnuts,100-1K,690,18.47,38.89,B07P5746L7,B0758JDCYB,4.66,48.91,46.40,58.45,13.08,0.00,7days
walnuts 200gm without shell,GENERIC,"Grocery-Dried Fruits, Nuts & Seeds",Walnuts,100-1K,1717,18.36,41.80,B01LWJQ6KJ,B01LXUM54I,19.20,39.66,35.98,115.35,30.34,0.00,7days
अखरोट,GENERIC,"Grocery-Dried Fruits, Nuts & Seeds",Walnuts,100-1K,1544,16.78,19.24,B013U6HANA,B07LF8HCLL,15.94,21.60,22.40,38.26,35.82,0.00,7days
dry fruits walnuts,GENERIC,"Grocery-Dried Fruits, Nuts & Seeds",Walnuts,100-1K,1087,16.72,-9.44,B01HBRBY5E,B0758JDCYB,14.40,31.85,26.10,127.01,19.72,1.44,7days
walnut kernel,GENERIC,"Grocery-Dried Fruits, Nuts & Seeds",Walnuts,5K-10K,103,16.59,25.76,B01HBRBY5E,B01LWJQ6KJ,10.83,27.96,23.84,31.07,14.77,0.00,7days
wallnuts nuts,GENERIC,"Grocery-Dried Fruits, Nuts & Seeds",Walnuts,5K-10K,102,14.93,-1.97,B01HBRBY5E,B0758JDCYB,11.91,38.01,31.36,20.10,27.65,27.96,7days
walnuts 500 grams without shell,GENERIC,"Grocery-Dried Fruits, Nuts & Seeds",Walnuts,100-1K,590,14.53,33.75,B01HBRBY5E,B01LWJQ6KJ,24.39,38.62,37.26,11.72,21.31,0.00,7days
walnut broken,GENERIC,"Grocery-Dried Fruits, Nuts & Seeds",Walnuts,100-1K,1574,14.26,15.09,B07NGRVTMQ,B07LF8HCLL,7.63,19.47,15.88,14.03,23.11,0.00,7days
wall nut,GENERIC,"Grocery-Dried Fruits, Nuts & Seeds",Walnuts,1K-5K,470,13.58,17.85,B01HBRBY5E,B07LF8HCLL,13.41,23.19,17.87,39.65,16.61,0.00,7days
happilo walnuts without shell,GENERIC,"Grocery-Dried Fruits, Nuts & Seeds",Walnuts,100-1K,756,12.80,-7.64,B01LWJQ6KJ,B01LXUM54I,51.00,69.78,67.46,8.69,44.82,6.90,7days
ambrosia walnut,GENERIC,"Grocery-Dried Fruits, Nuts & Seeds",Walnuts,100-1K,1417,12.78,15.83,B07P6L6LSG,B07N48WG4P,6.12,1.46,1.87,0.00,23.94,1.86,7days
walnuts 250 grams without shell,GENERIC,"Grocery-Dried Fruits, Nuts & Seeds",Walnuts,1K-5K,502,12.26,22.20,B07GJRBTSM,B01LWJQ6KJ,22.14,36.66,35.63,8.20,19.44,0.00,7days
wallnuts nuts 1kg,GENERIC,"Grocery-Dried Fruits, Nuts & Seeds",Walnuts,5K-10K,116,12.08,32.75,B0BG862HVR,B0758JDCYB,10.32,47.82,37.89,41.74,28.09,110.32,7days
akhrot 500gm without shell,GENERIC,"Grocery-Dried Fruits, Nuts & Seeds",Walnuts,100-1K,1232,11.90,12.81,B091MTZD7G,B07LF8HCLL,4.44,42.62,35.71,16.61,18.45,1.64,7days
walnut kernels 250 grams,GENERIC,"Grocery-Dried Fruits, Nuts & Seeds",Walnuts,100-1K,1088,11.80,12.86,B07WC7WTKZ,B01LXUM54I,6.26,47.41,42.20,124.62,18.87,0.00,7days
akrot,GENERIC,"Grocery-Dried Fruits, Nuts & Seeds",Walnuts,1K-5K,275,11.71,0.15,B01LWJQ6KJ,B0758JDCYB,22.70,50.18,39.65,38.52,49.09,13.63,7days
walnut without shell 500gm,GENERIC,"Grocery-Dried Fruits, Nuts & Seeds",Walnuts,100-1K,1369,11.18,32.94,B091MTZD7G,B0758JDCYB,8.16,35.38,32.58,11.06,10.80,0.00,7days
walnut 1kg without shell,GENERIC,"Grocery-Dried Fruits, Nuts & Seeds",Walnuts,100-1K,576,10.78,28.95,B09H365G9Y,B0758D65W6,3.83,36.93,33.63,48.79,9.04,0.00,7days
walnut giri,GENERIC,"Grocery-Dried Fruits, Nuts & Seeds",Walnuts,100-1K,891,10.52,9.47,B09P7GKHNQ,B0758JDCYB,12.04,28.83,25.30,43.72,17.86,0.00,7days
wal,GENERIC,"Grocery-Dried Fruits, Nuts & Seeds",Walnuts,100-1K,1758,10.52,7.45,B07HWN74SF,B07TZ3Y9HH,6.39,0.00,0.00,0.00,0.00,0.00,7days
amazon brand - vedaka,COMPETITOR,"Grocery-Dried Fruits, Nuts & Seeds",Raisins,1K-5K,220,0.76,-1.04,B07GQRWYNP,B07GR82XJR,2.31,0.00,0.00,0.00,2.88,0.00,7days
chilgoze,GENERIC,"Grocery-Dried Fruits, Nuts & Seeds",Raisins,100-1K,1226,36.55,103.09,B08RSQ5BPC,B08P9SQ8RY,0.12,0.00,0.00,0.00,0.00,0.00,7days
green raisins 500 grams,GENERIC,"Grocery-Dried Fruits, Nuts & Seeds",Raisins,100-1K,1414,34.49,57.92,B08R2X1W15,B08487YGZQ,21.27,56.46,52.81,27.35,56.83,0.00,7days
raisin black,GENERIC,"Grocery-Dried Fruits, Nuts & Seeds",Raisins,100-1K,1558,33.37,46.10,B07GR346FX,B08JR78WB7,20.41,36.16,31.60,0.00,51.03,0.00,7days
kishmish in fresh,GENERIC,"Grocery-Dried Fruits, Nuts & Seeds",Raisins,1K-5K,304,32.55,43.43,B078HC2HMP,B07GR3S1RR,20.26,35.29,33.94,12.50,4.45,0.00,7days
dry raisins,GENERIC,"Grocery-Dried Fruits, Nuts & Seeds",Raisins,100-1K,1337,28.93,30.59,B06WVBRCJ4,B08487YGZQ,21.71,52.94,47.24,162.53,50.21,0.00,7days
raisen,GENERIC,"Grocery-Dried Fruits, Nuts & Seeds",Raisins,100-1K,899,27.95,18.37,B06WVBRCJ4,B07GRBFFMR,15.45,15.42,16.97,0.94,18.24,0.00,7days
black manuka,GENERIC,"Grocery-Dried Fruits, Nuts & Seeds",Raisins,100-1K,1680,27.92,33.59,B07GR346FX,B01M23QPIU,16.44,13.70,12.58,4.94,54.83,0.00,7days
dry black grapes,GENERIC,"Grocery-Dried Fruits, Nuts & Seeds",Raisins,100-1K,1034,27.64,32.37,B07GR346FX,B07GR346FX,29.18,24.69,19.83,31.74,54.20,0.00,7days
raisins in fresh 200gm,GENERIC,"Grocery-Dried Fruits, Nuts & Seeds",Raisins,100-1K,936,26.22,44.07,B09GNSFRVC,B07GR3S1RR,22.46,39.42,33.39,34.44,6.88,2.12,7days
kismis 500gm fresh,GENERIC,"Grocery-Dried Fruits, Nuts & Seeds",Raisins,1K-5K,384,25.88,34.56,B079L74PNZ,B08487YGZQ,17.63,32.53,31.54,26.32,5.72,0.00,7days
black raisins 250 grams,GENERIC,"Grocery-Dried Fruits, Nuts & Seeds",Raisins,100-1K,998,25.47,38.49,B01LZH17BR,B07GR346FX,31.20,34.83,31.08,18.76,51.25,6.64,7days
kismis 250 gm,GENERIC,"Grocery-Dried Fruits, Nuts & Seeds",Raisins,100-1K,1066,25.21,25.94,B01LZGVQV4,B08487YGZQ,23.12,36.87,35.68,12.91,15.29,0.00,7days
dry fruits raisins,GENERIC,"Grocery-Dried Fruits, Nuts & Seeds",Raisins,100-1K,1745,23.45,42.86,B09GNSFRVC,B08487YGZQ,24.88,49.77,44.36,15.37,49.82,0.00,7days
dry grapes 500gms,GENERIC,"Grocery-Dried Fruits, Nuts & Seeds",Raisins,100-1K,585,22.62,12.77,B06WVBRCJ4,B0758JGNHN,22.30,28.00,26.67,11.99,57.10,30.02,7days
kali kishmish,GENERIC,"Grocery-Dried Fruits, Nuts & Seeds",Raisins,100-1K,1499,21.83,15.60,B08W461PXG,B01LZH17BR,17.08,20.53,16.17,42.08,54.20,0.00,7days
munaka,GENERIC,"Grocery-Dried Fruits, Nuts & Seeds",Raisins,1K-5K,461,21.43,-2.71,B07WC9KBF9,B08JR78WB7,12.64,9.33,8.15,29.62,38.88,0.00,7days
raisin 1kg,GENERIC,"Grocery-Dried Fruits, Nuts & Seeds",Raisins,100-1K,1566,19.58,26.95,B09QG4B5M5,B08487YGZQ,14.71,43.34,31.37,51.31,48.45,0.00,7days
kismish,GENERIC,"Grocery-Dried Fruits, Nuts & Seeds",Raisins,100-1K,569,19.35,38.49,B01LZGVQV4,B07GR3S1RR,20.43,34.04,33.24,0.00,39.75,0.00,7days
golden raisins,GENERIC,"Grocery-Dried Fruits, Nuts & Seeds",Raisins,100-1K,997,16.75,8.48,B08YXNXR5H,B07H1C7MCF,14.46,35.54,33.91,51.34,49.04,0.00,7days
afghani raisins,GENERIC,"Grocery-Dried Fruits, Nuts & Seeds",Raisins,100-1K,1626,15.95,54.50,B09BVKFQRC,B08PDDM6L6,28.36,50.23,40.24,13.43,46.15,10.61,7days
manuka,GENERIC,"Grocery-Dried Fruits, Nuts & Seeds",Raisins,100-1K,587,15.87,43.58,B08HV6RK3J,B07GR3S1RR,16.67,5.91,4.74,10.54,43.94,13.07,7days
dried grapes,GENERIC,"Grocery-Dried Fruits, Nuts & Seeds",Raisins,100-1K,1107,14.83,29.32,B07GR82XJR,B01LZH17BR,21.98,45.21,41.67,11.95,52.68,9.60,7days
kismis 100gm,GENERIC,"Grocery-Dried Fruits, Nuts & Seeds",Raisins,100-1K,1266,14.80,11.30,B07GRBFFMS,B07GRBFFMR,20.79,21.70,24.25,0.00,45.27,0.00,7days
raisins 500g,GENERIC,"Grocery-Dried Fruits, Nuts & Seeds",Raisins,10K-50K,82,14.62,22.40,B06WVBRCJ4,B08487YGZQ,14.76,41.12,38.85,57.46,42.33,20.09,7days
dry grapes,GENERIC,"Grocery-Dried Fruits, Nuts & Seeds",Raisins,5K-10K,152,14.61,20.67,B08NJKQC4C,B07GR3S1RR,14.30,44.32,39.90,14.39,43.49,13.07,7days
kismis 1kg offers low price,GENERIC,"Grocery-Dried Fruits, Nuts & Seeds",Raisins,1K-5K,390,14.17,8.02,B08VGDWJRM,B07GR82XJR,21.06,38.13,35.72,167.26,54.76,17.43,7days
black raisins 1kg,GENERIC,"Grocery-Dried Fruits, Nuts & Seeds",Raisins,1K-5K,473,14.01,22.48,B09416T9PH,B08JR78WB7,27.30,58.00,45.21,55.39,50.49,13.30,7days
black kismis,GENERIC,"Grocery-Dried Fruits, Nuts & Seeds",Raisins,1K-5K,506,13.93,15.01,B07GR346FX,B01LZH17BR,16.84,22.56,20.76,20.85,48.02,14.85,7days
dry grapes black raisin,GENERIC,"Grocery-Dried Fruits, Nuts & Seeds",Raisins,100-1K,1503,13.34,33.69,B08NJKQC4C,B01LZH17BR,24.04,45.97,42.61,8.62,56.63,0.00,7days
sultanas dry fruit,GENERIC,"Grocery-Dried Fruits, Nuts & Seeds",Raisins,100-1K,1121,13.21,16.51,B07WC9KBF9,B01LPYAB9O,19.68,10.14,9.58,0.00,47.37,0.00,7days
raisin,GENERIC,"Grocery-Dried Fruits, Nuts & Seeds",Raisins,5K-10K,127,12.33,13.53,B06WVBRCJ4,B07GR3S1RR,19.02,45.99,42.34,39.19,35.92,234.95,7days
munakka 250 gm with seed,GENERIC,"Grocery-Dried Fruits, Nuts & Seeds",Raisins,100-1K,1697,12.30,34.92,B01LPYAB9O,B07GRBFFMR,27.20,37.46,37.54,0.00,50.00,0.00,7days
munakka 1kg,GENERIC,"Grocery-Dried Fruits, Nuts & Seeds",Raisins,100-1K,1060,11.80,-0.49,B075X2V9VB,B07GR82XJR,13.06,3.97,4.71,0.00,43.89,7.01,7days
kissmiss500,GENERIC,"Grocery-Dried Fruits, Nuts & Seeds",Raisins,100-1K,1652,11.33,46.53,B07GR3S1RR,B01LPYAB9O,16.14,21.81,20.78,0.00,24.86,0.00,7days
kissmiss,GENERIC,"Grocery-Dried Fruits, Nuts & Seeds",Raisins,1K-5K,365,10.83,13.15,B01LZGVQV4,B07GR3S1RR,16.11,29.90,30.28,7.76,21.66,0.00,7days
munakka 500g,GENERIC,"Grocery-Dried Fruits, Nuts & Seeds",Raisins,1K-5K,385,10.53,19.94,B07WC9K48P,B0758J6W7D,12.89,23.00,19.88,39.33,41.31,13.26,7days
raisins 1kg,GENERIC,"Grocery-Dried Fruits, Nuts & Seeds",Raisins,1K-5K,297,9.89,14.70,B07GR82XJR,B07GR82XJR,16.54,47.04,41.59,109.81,48.14,110.80,7days
kishmish,GENERIC,"Grocery-Dried Fruits, Nuts & Seeds",Raisins,10K-50K,81,9.87,14.50,B01LZGVQV4,B07GR3S1RR,18.53,16.64,18.60,17.59,36.69,27.10,7days
happilo kishmish,GENERIC,"Grocery-Dried Fruits, Nuts & Seeds",Raisins,100-1K,1740,9.84,11.24,B08487YGZQ,B08487YGZQ,72.02,28.79,28.83,1.64,59.90,20.62,7days
dry grapes 1kg offers low price,GENERIC,"Grocery-Dried Fruits, Nuts & Seeds",Raisins,1K-5K,484,9.77,4.66,B08F498VV4,B07GR82XJR,21.07,25.73,23.40,21.12,56.53,0.00,7days
kishmish 250 gm,GENERIC,"Grocery-Dried Fruits, Nuts & Seeds",Raisins,1K-5K,362,9.67,4.43,B01LZGVQV4,B07GRBFFMR,23.19,14.90,16.29,34.83,56.77,24.15,7days
green kishmish,GENERIC,"Grocery-Dried Fruits, Nuts & Seeds",Raisins,100-1K,1001,9.52,8.04,B01LZGVQV4,B08487YGZQ,25.64,31.38,26.34,48.58,51.52,0.00,7days
kismis 1_kg,GENERIC,"Grocery-Dried Fruits, Nuts & Seeds",Raisins,100-1K,578,9.36,17.37,B08F498VV4,B07GR82XJR,21.45,32.92,29.06,0.00,49.39,31.57,7days
raisin 500gm,GENERIC,"Grocery-Dried Fruits, Nuts & Seeds",Raisins,100-1K,1329,8.81,19.59,B06WVBRCJ4,B0758JGNHN,14.35,37.13,35.99,12.64,41.85,0.00,7days
grapes,GENERIC,"Grocery-Dried Fruits, Nuts & Seeds",Raisins,5K-10K,144,8.24,27.99,B07MM5S7V6,B0BBH9L6Y9,3.59,0.24,0.23,18.05,8.31,3.98,7days
black raisins with seeds,GENERIC,"Grocery-Dried Fruits, Nuts & Seeds",Raisins,1K-5K,382,8.13,2.75,B08HV6RK3J,B01LZH17BR,15.28,11.90,9.00,95.17,40.85,26.37,7days
black resin,GENERIC,"Grocery-Dried Fruits, Nuts & Seeds",Raisins,100-1K,1834,7.36,23.08,B09S9ZGZ9M,B01LZH17BR,24.56,21.61,20.25,7.09,57.66,0.00,7days
raisins 250 grams,GENERIC,"Grocery-Dried Fruits, Nuts & Seeds",Raisins,1K-5K,207,6.53,4.07,B01LZGVQV4,B0758JGNHN,22.50,49.39,45.81,45.39,57.21,46.18,7days
lion black dates,COMPETITOR,"Grocery-Dried Fruits, Nuts & Seeds",Dates,100-1K,1631,47.03,65.56,B0B7DPDKLN,B0758JN85Y,22.69,13.10,10.20,11.54,34.67,2.72,7days
manna black dates,COMPETITOR,"Grocery-Dried Fruits, Nuts & Seeds",Dates,100-1K,787,37.80,36.64,B07NRT36X5,B07NRT36X5,19.10,28.45,25.88,12.66,31.33,0.00,7days
lagom dates,COMPETITOR,"Grocery-Dried Fruits, Nuts & Seeds",Dates,1K-5K,423,16.56,21.96,B099WFJZR1,B07Q4JBHPX,4.73,0.98,0.89,0.00,11.53,0.00,7days
molsis dates,COMPETITOR,"Grocery-Dried Fruits, Nuts & Seeds",Dates,100-1K,770,9.37,6.10,B0B9XJZ69Z,B08P7P43CY,18.44,1.51,2.25,0.00,20.30,0.00,7days
lion dates buy 1 get 1 free,COMPETITOR,"Grocery-Dried Fruits, Nuts & Seeds",Dates,5K-10K,151,8.19,-0.47,B08LT81NP7,B0B7DPDKLN,10.61,5.00,4.43,0.00,37.70,6.74,7days
lion dates in fresh buy 1 get 1 free,COMPETITOR,"Grocery-Dried Fruits, Nuts & Seeds",Dates,100-1K,762,5.35,26.41,B01K7XH6BU,B085NTZMVR,20.46,52.47,51.88,0.00,10.64,0.00,7days
lions dates,COMPETITOR,"Grocery-Dried Fruits, Nuts & Seeds",Dates,100-1K,1728,2.72,15.82,B01B1IDRKO,B0972ZHW64,11.77,7.29,5.88,0.00,37.54,0.00,7days
manna dates,COMPETITOR,"Grocery-Dried Fruits, Nuts & Seeds",Dates,1K-5K,417,2.20,12.02,B07NRT36X5,B07NRT36X5,14.28,23.60,22.25,63.77,28.67,0.00,7days
lion arabian dates buy 1 get 1 free,COMPETITOR,"Grocery-Dried Fruits, Nuts & Seeds",Dates,100-1K,1222,1.93,12.99,B01B1IDRKO,B09J2S8PJZ,22.59,13.08,13.88,0.00,39.22,0.00,7days
kimia dates buy 1 get 1 free,COMPETITOR,"Grocery-Dried Fruits, Nuts & Seeds",Dates,1K-5K,170,1.20,6.66,B0B58PXFB6,B09CGY8F47,14.94,9.59,7.10,0.00,35.40,0.00,7days
lion dates,COMPETITOR,"Grocery-Dried Fruits, Nuts & Seeds",Dates,10K-50K,59,0.45,8.88,B08LT81NP7,B0B7DPDKLN,16.81,8.47,9.17,64.94,32.63,33.25,7days
kiwi fruit 1kg,GENERIC,"Grocery-Dried Fruits, Nuts & Seeds",Dates,100-1K,1639,48.51,64.61,B08WLCPDM9,B095X7WZVD,11.61,3.45,2.69,0.00,36.49,0.00,7days
sukkari dates,GENERIC,"Grocery-Dried Fruits, Nuts & Seeds",Dates,100-1K,1426,41.84,37.66,B0B497V538,B099WFJZR1,15.73,16.14,12.42,0.00,25.34,0.00,7days
chuara dry fruits 1kg offer,GENERIC,"Grocery-Dried Fruits, Nuts & Seeds",Dates,100-1K,1804,41.56,39.57,B075X38QVC,B09FQ2VZM8,23.92,14.80,12.42,0.00,41.85,0.00,7days
deglet noor dates,GENERIC,"Grocery-Dried Fruits, Nuts & Seeds",Dates,100-1K,1818,40.63,74.76,B08SWM5LKJ,B019IEQN2M,0.39,0.80,3.08,0.00,17.49,0.00,7days
happilo dates 500g,GENERIC,"Grocery-Dried Fruits, Nuts & Seeds",Dates,100-1K,1629,40.21,55.74,B077FXXBM6,B08JR91YR7,45.57,72.60,70.04,8.93,38.13,0.00,7days
dates buy 1 get 1 free,GENERIC,"Grocery-Dried Fruits, Nuts & Seeds",Dates,100-1K,1048,39.13,37.58,B077FXXBM6,B085NTZMVR,8.65,26.65,19.85,0.00,25.73,0.00,7days
majdul dates,GENERIC,"Grocery-Dried Fruits, Nuts & Seeds",Dates,100-1K,1545,34.99,39.33,B08J7X11WW,B0191AT0UA,18.84,1.54,2.16,0.00,23.46,0.00,7days
ajwa khajur saudi original,GENERIC,"Grocery-Dried Fruits, Nuts & Seeds",Dates,100-1K,1589,30.45,49.36,B09G2T36WQ,B0BH35WPYG,2.48,4.72,6.94,0.00,23.47,0.00,7days
omani dates 500 grams,GENERIC,"Grocery-Dried Fruits, Nuts & Seeds",Dates,100-1K,1370,27.75,24.20,B099W5HVGT,B077FXXBM6,28.36,35.97,32.89,40.32,35.93,0.00,7days
dets khajur 1kg,GENERIC,"Grocery-Dried Fruits, Nuts & Seeds",Dates,100-1K,1203,27.10,41.32,B07NRT36X5,B084885G2J,17.89,12.80,9.49,0.00,26.04,0.00,7days
bateel dates,GENERIC,"Grocery-Dried Fruits, Nuts & Seeds",Dates,100-1K,1540,24.86,10.89,B01FQVXX88,B01BYCLQ6O,17.92,7.39,6.52,0.00,11.80,0.00,7days
kalmi dates 500gm,GENERIC,"Grocery-Dried Fruits, Nuts & Seeds",Dates,100-1K,755,23.41,33.12,B09968DF61,B0758JN85Y,23.45,21.28,18.92,51.59,17.21,0.00,7days
majdoor dates,GENERIC,"Grocery-Dried Fruits, Nuts & Seeds",Dates,100-1K,1661,22.83,31.50,B0758JN85Y,B01FQVXX88,6.97,4.32,5.80,0.00,15.68,0.00,7days
khejur,GENERIC,"Grocery-Dried Fruits, Nuts & Seeds",Dates,1K-5K,345,19.81,32.01,B077FXXBM6,B084885G2J,25.58,38.23,30.52,19.44,31.69,25.31,7days
dry khajoor,GENERIC,"Grocery-Dried Fruits, Nuts & Seeds",Dates,100-1K,833,19.45,12.16,B075X38QVC,B0758JN85Y,22.78,38.70,28.84,213.39,37.79,0.00,7days
black dates 1kg pack,GENERIC,"Grocery-Dried Fruits, Nuts & Seeds",Dates,100-1K,1292,18.37,25.91,B096ZFNK2D,B0B19VSD4P,18.56,3.89,4.85,5.02,22.69,6.40,7days
date sugar organic natural 1kg,GENERIC,"Grocery-Dried Fruits, Nuts & Seeds",Dates,100-1K,1813,18.11,41.00,B09KMQPTT8,B09XXC48MY,10.90,1.42,2.74,0.00,31.00,0.00,7days
dates 1 kg,GENERIC,"Grocery-Dried Fruits, Nuts & Seeds",Dates,100-1K,1135,18.09,44.78,B087ZYHTBB,B084885G2J,6.16,22.48,18.46,0.00,28.33,0.00,7days
dating,GENERIC,"Grocery-Dried Fruits, Nuts & Seeds",Dates,100-1K,1092,17.95,45.83,B0762WK8FZ,0091929253,0.00,0.05,0.00,0.00,0.00,0.00,7days
dates 1kg,GENERIC,"Grocery-Dried Fruits, Nuts & Seeds",Dates,100-1K,579,17.32,12.44,B0847HG7NN,B085NTZMVR,6.00,16.40,14.62,0.00,27.74,8.40,7days
dates 1kg pack offer big size,GENERIC,"Grocery-Dried Fruits, Nuts & Seeds",Dates,100-1K,727,16.73,26.39,B072MSCP5N,B084885G2J,5.49,25.42,19.61,18.89,21.92,0.00,7days
dates powder,GENERIC,"Grocery-Dried Fruits, Nuts & Seeds",Dates,1K-5K,218,16.59,9.65,B0956NRMWB,B0956NRMWB,1.22,1.21,1.48,16.08,15.82,0.00,7days
black dry dates,GENERIC,"Grocery-Dried Fruits, Nuts & Seeds",Dates,100-1K,1332,16.47,23.64,B075X38QVC,B0758J61YD,21.47,14.81,15.95,0.00,28.83,0.00,7days
solimo dates,GENERIC,"Grocery-Dried Fruits, Nuts & Seeds",Dates,100-1K,1297,15.99,25.23,B085NTZMVR,B085NTZMVR,16.99,16.00,16.28,17.99,36.50,0.00,7days
kimia gold dates,GENERIC,"Grocery-Dried Fruits, Nuts & Seeds",Dates,100-1K,1005,15.77,29.13,B0918SPNYB,B08LNTJM9Z,22.85,19.76,15.71,0.00,33.48,0.00,7days
khajur 1kg,GENERIC,"Grocery-Dried Fruits, Nuts & Seeds",Dates,100-1K,627,15.69,10.77,B08PC8VH9V,B0758J61YD,16.88,20.52,15.01,0.00,29.59,0.00,7days
kajur,GENERIC,"Grocery-Dried Fruits, Nuts & Seeds",Dates,100-1K,753,15.28,35.42,B077FXXBM6,B084885G2J,18.84,0.00,0.00,0.00,0.00,0.00,7days
pitted dates,GENERIC,"Grocery-Dried Fruits, Nuts & Seeds",Dates,100-1K,1054,15.06,30.86,B09H4D5VFG,B0758JN85Y,16.71,28.35,25.05,29.88,33.14,18.50,7days
mejdoul dates,GENERIC,"Grocery-Dried Fruits, Nuts & Seeds",Dates,100-1K,1622,14.82,29.62,B0191AT0UA,B01FQVXX88,4.60,0.00,0.00,0.00,0.00,0.00,7days
dates with almond inside,GENERIC,"Grocery-Dried Fruits, Nuts & Seeds",Dates,100-1K,1469,13.59,24.07,B09JCGFWKV,B084885G2J,12.35,20.74,13.85,0.00,27.27,0.00,7days
dates medjoul,GENERIC,"Grocery-Dried Fruits, Nuts & Seeds",Dates,100-1K,1516,13.19,63.49,B07SFGTKNY,B01FQVXX88,2.14,0.35,0.78,0.00,15.48,0.00,7days
khajoor 500g offers low price,GENERIC,"Grocery-Dried Fruits, Nuts & Seeds",Dates,100-1K,1108,11.52,1.13,B0B8Z776C4,B0758J61YD,29.37,22.89,21.26,10.17,35.74,7.26,7days
dayes,GENERIC,"Grocery-Dried Fruits, Nuts & Seeds",Dates,100-1K,1023,11.49,12.30,B077FXXBM6,B085NTZMVR,24.74,30.09,27.29,0.00,40.52,3.40,7days
dates in fresh pantry,GENERIC,"Grocery-Dried Fruits, Nuts & Seeds",Dates,100-1K,1144,11.37,12.97,B0758J61YD,B0758J61YD,33.05,72.47,72.40,1.04,36.67,0.00,7days
kharak,GENERIC,"Grocery-Dried Fruits, Nuts & Seeds",Dates,100-1K,1188,11.14,41.34,B0758J61YD,B09FQ3N92T,27.91,9.77,7.89,3.81,38.89,0.00,7days
chhuhara,GENERIC,"Grocery-Dried Fruits, Nuts & Seeds",Dates,100-1K,598,10.93,41.25,B075X38QVC,B08TBZGVZJ,16.95,1.47,1.58,0.00,31.91,11.09,7days
black dates 500g,GENERIC,"Grocery-Dried Fruits, Nuts & Seeds",Dates,100-1K,614,10.45,11.27,B07NRT36X5,B077FXXBM6,15.82,25.03,23.80,22.60,27.20,0.00,7days
kharik powder,GENERIC,"Grocery-Dried Fruits, Nuts & Seeds",Dates,1K-5K,298,9.89,35.47,B09XDKBHMH,B0BC1TDPM1,5.35,0.40,0.31,0.00,34.06,0.00,7days
paper boat dry fruits,COMPETITOR,"Grocery-Dried Fruits, Nuts & Seeds",Mixed Nuts,100-1K,1419,26.96,38.93,B09FT6T6L2,B09FT7FWTY,9.67,10.04,8.88,0.00,8.89,0.00,7days
true elements seeds,COMPETITOR,"Grocery-Dried Fruits, Nuts & Seeds",Mixed Nuts,1K-5K,313,20.64,27.19,B082SWR3GS,B09RSQH1Y6,0.26,0.47,0.37,0.00,4.79,0.00,7days
paper boat nuts,COMPETITOR,"Grocery-Dried Fruits, Nuts & Seeds",Mixed Nuts,100-1K,792,14.06,21.33,B09FT6T6L2,B09WRMXP9Z,9.13,1.39,1.24,0.00,10.32,0.00,7days
true elements seeds mix,COMPETITOR,"Grocery-Dried Fruits, Nuts & Seeds",Mixed Nuts,100-1K,1347,9.63,24.88,B082SWR3GS,B07VRCHQGF,1.78,4.16,5.10,0.00,9.18,0.00,7days
paperboat dry fruits,COMPETITOR,"Grocery-Dried Fruits, Nuts & Seeds",Mixed Nuts,1K-5K,389,9.17,15.38,B09QGTVT5B,B09WRMXP9Z,4.73,2.63,4.54,0.00,33.84,0.00,7days
dry fruit hub,COMPETITOR,"Grocery-Dried Fruits, Nuts & Seeds",Mixed Nuts,100-1K,1342,0.61,42.32,B07ZMFZ935,B09QGTVT5B,11.89,3.07,2.30,0.00,22.20,0.00,7days
happilo nuts and berries,GENERIC,"Grocery-Dried Fruits, Nuts & Seeds",Mixed Nuts,100-1K,1653,73.80,139.14,B01LXIWNMH,B01LZH58GI,76.02,51.96,51.39,38.34,39.94,0.00,7days
bhang seeds,GENERIC,"Grocery-Dried Fruits, Nuts & Seeds",Mixed Nuts,100-1K,1153,58.91,159.87,B09QJR1F91,B07546BFT5,0.60,0.48,0.00,0.00,0.00,0.00,7days
lagom dry fruits,GENERIC,"Grocery-Dried Fruits, Nuts & Seeds",Mixed Nuts,100-1K,1829,51.51,80.79,B08HR37W83,B09WRMXP9Z,7.57,0.88,0.55,0.00,39.32,0.00,7days
happilo nuts and berries mix,GENERIC,"Grocery-Dried Fruits, Nuts & Seeds",Mixed Nuts,100-1K,1710,49.50,105.17,B01LZH58GI,B01LY6B085,74.81,76.69,74.14,0.00,31.99,0.00,7days
grosari,GENERIC,"Grocery-Dried Fruits, Nuts & Seeds",Mixed Nuts,100-1K,1364,44.81,287.17,B084884GKX,B09X1RM4FM,5.96,11.99,9.08,0.00,7.59,0.00,7days
naresh dry fruit jammu,GENERIC,"Grocery-Dried Fruits, Nuts & Seeds",Mixed Nuts,1K-5K,546,44.27,176.88,B09JPJNBF4,B0759RX62G,3.19,27.43,27.29,0.00,15.38,0.00,7days
amonds,GENERIC,"Grocery-Dried Fruits, Nuts & Seeds",Mixed Nuts,100-1K,1776,44.16,59.48,B01LY6B08A,B084884GKX,18.97,25.66,21.33,0.00,3.09,0.00,7days
halim,GENERIC,"Grocery-Dried Fruits, Nuts & Seeds",Mixed Nuts,100-1K,1139,41.64,49.18,B08VGCTQ2N,B099WCGLG3,0.15,0.18,0.17,0.00,0.24,0.00,7days
watermelon seeds 100gm,GENERIC,"Grocery-Dried Fruits, Nuts & Seeds",Mixed Nuts,100-1K,919,38.89,28.21,B074Z8YLT8,B074Z8YLT8,1.09,0.93,0.98,0.00,0.47,0.00,7days
garden cress seeds for eating,GENERIC,"Grocery-Dried Fruits, Nuts & Seeds",Mixed Nuts,100-1K,613,37.34,75.83,B075454BJF,B099WCGLG3,0.00,0.20,0.18,0.00,0.36,0.00,7days
dry seeds combo pack offer,GENERIC,"Grocery-Dried Fruits, Nuts & Seeds",Mixed Nuts,100-1K,1245,37.01,60.30,B07J3BSNJ4,B09T3LN71Y,0.08,2.49,3.00,0.00,3.63,0.00,7days
almond cashew pista walnut combo,GENERIC,"Grocery-Dried Fruits, Nuts & Seeds",Mixed Nuts,100-1K,1453,36.75,59.97,B09LR5JZKJ,B09HTWBZ66,29.47,2.65,2.76,0.00,22.03,0.00,7days
naresh dry fruit,GENERIC,"Grocery-Dried Fruits, Nuts & Seeds",Mixed Nuts,100-1K,911,36.08,148.86,B09G9RF9WL,B01LZ5DFW2,4.47,14.90,12.78,0.00,14.36,0.00,7days
delight nuts,GENERIC,"Grocery-Dried Fruits, Nuts & Seeds",Mixed Nuts,100-1K,938,35.41,30.99,B0133F1AN4,B09G9Y2RVF,19.67,9.55,8.12,0.00,34.70,0.00,7days
dry seeds,GENERIC,"Grocery-Dried Fruits, Nuts & Seeds",Mixed Nuts,100-1K,1446,33.98,36.23,B07ZMFZ935,B07GQW1HJC,6.44,9.00,9.23,0.00,4.00,0.00,7days
nutmix dry fruits,GENERIC,"Grocery-Dried Fruits, Nuts & Seeds",Mixed Nuts,100-1K,1477,31.84,48.68,B0BN8NDZHZ,B09WRMXP9Z,32.74,6.34,8.89,6.57,25.23,0.00,7days
mixed seeds for weight loss,GENERIC,"Grocery-Dried Fruits, Nuts & Seeds",Mixed Nuts,1K-5K,332,25.93,28.76,B077TTB3FX,B082SWR3GS,1.02,0.95,1.55,0.00,9.96,0.00,7days
pumpkin seeds roasted,GENERIC,"Grocery-Dried Fruits, Nuts & Seeds",Mixed Nuts,1K-5K,452,25.19,33.38,B07587K8S5,B07WRCP5KN,10.66,16.89,14.37,0.00,36.79,0.00,7days
musk melon seeds,GENERIC,"Grocery-Dried Fruits, Nuts & Seeds",Mixed Nuts,100-1K,555,24.98,35.12,B09SLDG4HK,B0912BY6MG,9.71,0.79,0.86,0.00,28.70,0.00,7days
healthy seeds,GENERIC,"Grocery-Dried Fruits, Nuts & Seeds",Mixed Nuts,100-1K,1179,24.69,35.71,B094ZDM9TC,B09QGTVT5B,7.25,0.30,0.23,0.00,5.39,0.00,7days
mix dry fruits and nuts in fresh,GENERIC,"Grocery-Dried Fruits, Nuts & Seeds",Mixed Nuts,100-1K,1810,24.06,31.27,B01LY6B085,B01LY6B085,36.32,38.84,38.60,10.75,0.00,0.00,7days
kitchen jungle,GENERIC,"Grocery-Dried Fruits, Nuts & Seeds",Mixed Nuts,100-1K,725,23.59,327.37,B08HHMK5Q8,B09KPTT7QK,18.06,3.59,2.54,0.00,12.67,0.00,7days
athipalam,GENERIC,"Grocery-Dried Fruits, Nuts & Seeds",Mixed Nuts,100-1K,1782,23.33,42.13,B0758D65V3,B09KPTT7QK,3.08,2.73,2.47,0.00,1.95,0.00,7days
risin,GENERIC,"Grocery-Dried Fruits, Nuts & Seeds",Mixed Nuts,100-1K,1790,23.20,42.86,B01LZGVQV4,B01LZGVQV4,15.36,37.98,36.36,0.00,20.18,0.00,7days
nutmix,GENERIC,"Grocery-Dried Fruits, Nuts & Seeds",Mixed Nuts,100-1K,968,22.59,30.90,B01LY6B085,B09WRMXP9Z,24.37,18.14,17.42,8.41,7.77,0.00,7days
nuts and seeds mix,GENERIC,"Grocery-Dried Fruits, Nuts & Seeds",Mixed Nuts,100-1K,1035,22.49,4.51,B09RSQH1Y6,B01LY6B085,1.81,7.02,7.14,27.07,4.95,0.00,7days
aliv seeds,GENERIC,"Grocery-Dried Fruits, Nuts & Seeds",Mixed Nuts,1K-5K,327,21.30,-2.44,B099WCGLG3,B099WCGLG3,0.04,0.05,0.04,0.00,0.25,0.00,7days
mix seeds for hair growth,GENERIC,"Grocery-Dried Fruits, Nuts & Seeds",Mixed Nuts,100-1K,1361,21.21,35.24,B082SWR3GS,B09WHVN3TW,0.08,1.11,1.62,0.00,6.55,0.00,7days
seeds mix roasted,GENERIC,"Grocery-Dried Fruits, Nuts & Seeds",Mixed Nuts,100-1K,860,20.11,16.70,B082SWR3GS,B07WSCRMXT,14.89,21.76,21.11,0.00,3.85,0.00,7days
healthy seeds mix for eating,GENERIC,"Grocery-Dried Fruits, Nuts & Seeds",Mixed Nuts,100-1K,1236,18.84,40.07,B07WNDTP29,B09WHVN3TW,0.28,0.50,0.41,0.00,11.04,0.00,7days
amond,GENERIC,"Grocery-Dried Fruits, Nuts & Seeds",Mixed Nuts,100-1K,670,17.58,4.51,B01LY6B08A,B084884GKX,19.55,27.56,26.76,18.39,3.33,0.00,7days
nuts and berries mix,GENERIC,"Grocery-Dried Fruits, Nuts & Seeds",Mixed Nuts,100-1K,1257,17.33,29.05,B01LZH58GI,B08JTBYKDW,8.76,29.11,27.27,35.58,20.33,0.00,7days
halim seeds organic for eating,GENERIC,"Grocery-Dried Fruits, Nuts & Seeds",Mixed Nuts,1K-5K,374,16.60,29.76,B075454BJF,B099WCGLG3,2.94,2.79,2.34,0.00,0.30,0.00,7days
pumpkin and sunflower seeds,GENERIC,"Grocery-Dried Fruits, Nuts & Seeds",Mixed Nuts,100-1K,1105,14.94,17.40,B08VRVP5SS,B08YN7RTJK,2.18,1.12,2.19,12.67,11.30,0.00,7days
hemp seeds for eating,GENERIC,"Grocery-Dried Fruits, Nuts & Seeds",Mixed Nuts,100-1K,646,14.91,6.42,B075454BJF,B09F66X58Y,2.95,1.04,1.17,0.00,1.38,0.00,7days
hemp hearts,GENERIC,"Grocery-Dried Fruits, Nuts & Seeds",Mixed Nuts,100-1K,977,14.19,0.86,B09RSQH1Y6,B0851L15DR,2.87,1.01,1.14,0.00,2.11,0.00,7days
edible seeds,GENERIC,"Grocery-Dried Fruits, Nuts & Seeds",Mixed Nuts,100-1K,570,13.58,24.37,B094ZDM9TC,B01M6ZAIXL,1.46,0.91,3.35,0.00,1.65,0.00,7days
seeds for eating combo pack,GENERIC,"Grocery-Dried Fruits, Nuts & Seeds",Mixed Nuts,100-1K,1027,13.39,22.45,B099YG1FMB,B08WJ8FZ6D,2.14,0.26,0.57,0.00,1.75,0.00,7days
sun flower seeds for eating,GENERIC,"Grocery-Dried Fruits, Nuts & Seeds",Mixed Nuts,100-1K,817,12.47,-5.77,B01MAZ37UC,B07GR2G67L,0.50,0.00,0.00,0.00,3.98,0.00,7days
mixed seeds,GENERIC,"Grocery-Dried Fruits, Nuts & Seeds",Mixed Nuts,1K-5K,157,11.96,14.29,B0851L15DR,B09RSQH1Y6,1.12,0.55,0.76,0.00,10.61,0.00,7days
seeds mix for eating,GENERIC,"Grocery-Dried Fruits, Nuts & Seeds",Mixed Nuts,1K-5K,263,11.03,21.05,B0851L15DR,B09RSQH1Y6,1.01,1.47,1.70,1.26,5.94,0.00,7days
fig fruit,GENERIC,"Grocery-Dried Fruits, Nuts & Seeds",Mixed Nuts,100-1K,846,10.57,27.02,B08H2FHXQN,B0758D65V3,10.73,13.58,12.16,29.02,1.67,0.00,7days
hemp seeds,GENERIC,"Grocery-Dried Fruits, Nuts & Seeds",Mixed Nuts,1K-5K,180,10.24,6.46,B07GQW1HJC,B01M6ZAIXL,0.22,0.71,0.64,0.00,1.61,0.00,7days
tulsi anjeer,COMPETITOR,"Grocery-Dried Fruits, Nuts & Seeds",Anjeer (Figs),100-1K,838,14.38,3.30,B01LL2BK72,B0758D65V3,11.02,11.91,10.19,14.29,2.71,0.00,7days
happilo anjeer,GENERIC,"Grocery-Dried Fruits, Nuts & Seeds",Anjeer (Figs),1K-5K,344,33.49,58.92,B0758D65V3,B0758D65V3,75.53,13.18,11.38,4.28,42.01,44.50,7days
organic anjeer,GENERIC,"Grocery-Dried Fruits, Nuts & Seeds",Anjeer (Figs),100-1K,1213,26.52,34.46,B08H2FHXQN,B0758D65V3,5.79,11.62,8.05,0.00,3.95,0.00,7days
happilo figs,GENERIC,"Grocery-Dried Fruits, Nuts & Seeds",Anjeer (Figs),100-1K,1445,25.00,66.47,B0758D65V3,B0758D65V3,75.41,13.61,11.22,6.05,38.87,13.19,7days
anjeer in fresh,GENERIC,"Grocery-Dried Fruits, Nuts & Seeds",Anjeer (Figs),1K-5K,317,24.70,20.25,B0758D65V3,B0758D65V3,29.76,70.64,58.76,1.64,5.42,0.00,7days
anjeer 250 grams,GENERIC,"Grocery-Dried Fruits, Nuts & Seeds",Anjeer (Figs),5K-10K,88,17.37,25.21,B08V6VXB7T,B0758D65V3,7.84,11.90,9.72,23.86,2.79,0.00,7days
dried fig,GENERIC,"Grocery-Dried Fruits, Nuts & Seeds",Anjeer (Figs),100-1K,945,10.38,7.99,B08V6VXB7T,B0758D65V3,9.43,12.76,11.04,10.32,6.05,0.00,7days
anjeer,GENERIC,"Grocery-Dried Fruits, Nuts & Seeds",Anjeer (Figs),50K-100K,8,8.75,14.88,B0758D65V3,B0758D65V3,6.75,14.44,12.90,14.09,3.99,0.00,7days
1kg anjeer,GENERIC,"Grocery-Dried Fruits, Nuts & Seeds",Anjeer (Figs),100-1K,1660,7.53,69.96,B075MGMQY5,B08FMD9HSH,2.95,4.24,3.98,0.00,0.83,0.00,7days
anjir,GENERIC,"Grocery-Dried Fruits, Nuts & Seeds",Anjeer (Figs),1K-5K,169,7.14,14.77,B08V6VXB7T,B0758D65V3,19.69,15.49,13.37,18.97,23.80,0.00,7days
dry fig,GENERIC,"Grocery-Dried Fruits, Nuts & Seeds",Anjeer (Figs),1K-5K,247,6.77,3.10,B01LL2BK72,B0758D65V3,10.29,14.97,13.52,17.93,9.59,0.00,7days
dried anjeer,GENERIC,"Grocery-Dried Fruits, Nuts & Seeds",Anjeer (Figs),100-1K,1731,5.76,6.54,B08V6VXB7T,B0758D65V3,5.15,13.90,12.12,17.09,4.46,0.00,7days
anjeer dry fruit,GENERIC,"Grocery-Dried Fruits, Nuts & Seeds",Anjeer (Figs),1K-5K,274,0.81,11.52,B01LL2BK72,B0758D65V3,17.40,20.79,17.25,8.62,5.32,0.00,7days
figs dry fruits 250g,GENERIC,"Grocery-Dried Fruits, Nuts & Seeds",Anjeer (Figs),100-1K,873,0.05,1.64,B08V6VXB7T,B0758D65V3,7.45,14.96,14.15,18.20,7.18,0.00,7days
nutty gritties,COMPETITOR,"Grocery-Dried Fruits, Nuts & Seeds",Mixed Dried Fruits,1K-5K,490,11.82,-12.78,B0851L15DR,B08JTBYKDW,0.52,1.53,1.61,0.00,44.07,0.00,7days
greenfinity,COMPETITOR,"Grocery-Dried Fruits, Nuts & Seeds",Mixed Dried Fruits,100-1K,1577,2.47,18.01,B08P1FLDB8,B09TJMP82G,15.79,7.10,7.17,0.00,6.80,0.00,7days
ministry of nuts,COMPETITOR,"Grocery-Dried Fruits, Nuts & Seeds",Mixed Dried Fruits,1K-5K,516,2.19,8.90,B09HTWBZ66,B09HTWBZ66,11.63,7.47,6.91,0.00,19.04,0.00,7days
mix dry fruits and nuts,GENERIC,"Grocery-Dried Fruits, Nuts & Seeds",Mixed Dried Fruits,100-1K,1130,43.87,64.42,B0BHJGQCF9,B01LY6B085,18.47,26.82,25.21,145.46,44.29,0.00,7days
nourish dry fruits,GENERIC,"Grocery-Dried Fruits, Nuts & Seeds",Mixed Dried Fruits,100-1K,928,35.06,147.89,B0BBVR2XZ5,B09WRMXP9Z,7.76,10.14,7.94,0.00,36.71,0.00,7days
orange peel for cake baking,GENERIC,"Grocery-Dried Fruits, Nuts & Seeds",Mixed Dried Fruits,100-1K,841,34.71,56.72,B079QLDJT8,B079QLDJT8,2.88,0.83,4.17,0.00,24.89,0.00,7days
dry fruits mixed,GENERIC,"Grocery-Dried Fruits, Nuts & Seeds",Mixed Dried Fruits,100-1K,595,32.78,25.63,B01LY6B085,B08JTBYKDW,22.59,44.28,43.87,83.71,51.05,0.00,7days
dry fruit powder for kids,GENERIC,"Grocery-Dried Fruits, Nuts & Seeds",Mixed Dried Fruits,100-1K,1797,24.96,38.01,B07D8R1VBB,B081N3L7X9,8.86,0.00,0.38,0.00,19.25,0.00,7days
mix nuts,GENERIC,"Grocery-Dried Fruits, Nuts & Seeds",Mixed Dried Fruits,1K-5K,514,23.17,44.60,B01LY6B085,B09WRMXP9Z,21.12,15.05,13.82,16.22,54.63,0.00,7days
candied orange peel,GENERIC,"Grocery-Dried Fruits, Nuts & Seeds",Mixed Dried Fruits,1K-5K,522,18.99,36.21,B079QLDJT8,B079QLDJT8,1.75,3.35,2.55,31.99,12.95,0.00,7days
dry fruits powder,GENERIC,"Grocery-Dried Fruits, Nuts & Seeds",Mixed Dried Fruits,100-1K,798,15.89,16.35,B07D8R1VBB,B081N3L7X9,3.60,0.37,1.34,0.00,24.42,0.00,7days
christmas cake dry fruits mix,GENERIC,"Grocery-Dried Fruits, Nuts & Seeds",Mixed Dried Fruits,100-1K,681,12.97,24.97,B09MTMBB8R,B0B4DPJ9C3,14.45,1.24,1.24,0.00,49.12,0.00,7days
mix dry fruits,GENERIC,"Grocery-Dried Fruits, Nuts & Seeds",Mixed Dried Fruits,5K-10K,110,12.17,16.39,B0BHJDKLKK,B08JTBYKDW,12.23,23.91,21.79,29.96,45.04,252.92,7days
dry fruit mixed pack,GENERIC,"Grocery-Dried Fruits, Nuts & Seeds",Mixed Dried Fruits,100-1K,577,11.96,14.99,B01LY6B085,B0B4DPJ9C3,20.90,10.24,10.60,0.00,47.78,0.00,7days
nuts and dry fruits gift box,GENERIC,"Grocery-Dried Fruits, Nuts & Seeds",Mixed Dried Fruits,100-1K,1441,10.92,-3.26,B07XQ8QLML,B0BBDJMLYR,2.49,0.25,1.68,0.00,5.11,0.00,7days
dry fruits powder for adults,GENERIC,"Grocery-Dried Fruits, Nuts & Seeds",Mixed Dried Fruits,100-1K,1021,10.16,23.68,B091J2H8N3,B091FS3LTG,1.51,0.44,1.19,0.59,7.90,0.00,7days
grocery,GENERIC,"Grocery-Dried Fruits, Nuts & Seeds",Mixed Dried Fruits,100-1K,1052,9.90,68.85,B06WVBRCJ4,B0754LKDJ4,46.23,2.37,2.80,0.00,16.93,24.89,7days
trail mix,GENERIC,"Grocery-Dried Fruits, Nuts & Seeds",Mixed Dried Fruits,1K-5K,208,9.83,23.82,B09P9Y4XRD,B01LY6B085,14.94,21.90,22.31,134.47,45.56,207.41,7days
dried fruits mix,GENERIC,"Grocery-Dried Fruits, Nuts & Seeds",Mixed Dried Fruits,100-1K,647,9.78,22.30,B094QRM6BR,B0B4DPJ9C3,20.87,22.75,20.56,0.00,59.15,0.00,7days
dry fruit powder for baby,GENERIC,"Grocery-Dried Fruits, Nuts & Seeds",Mixed Dried Fruits,100-1K,811,9.21,-18.94,B07D8R1VBB,B081N3L7X9,11.17,0.09,0.43,0.00,14.80,0.00,7days
mix dry fruits 1kg offers low price,GENERIC,"Grocery-Dried Fruits, Nuts & Seeds",Mixed Dried Fruits,100-1K,568,8.61,14.21,B09VCC91WS,B09WRMXP9Z,19.43,19.26,16.58,0.00,49.35,0.00,7days
dry fruit,GENERIC,"Grocery-Dried Fruits, Nuts & Seeds",Mixed Dried Fruits,5K-10K,95,8.06,17.53,B08P1FLDB8,B01LZ5DFW2,28.09,19.94,16.11,89.37,39.40,57.99,7days
candied orange peels for cakes,GENERIC,"Grocery-Dried Fruits, Nuts & Seeds",Mixed Dried Fruits,100-1K,1089,7.02,25.68,B079QLDJT8,B079QLDJT8,4.92,4.16,2.86,0.00,14.55,0.00,7days
dry fruits combo pack,GENERIC,"Grocery-Dried Fruits, Nuts & Seeds",Mixed Dried Fruits,10K-50K,23,6.99,13.16,B08P1FLDB8,B09HTWBZ66,15.60,4.82,4.53,19.50,42.03,63.09,7days
orange zest for plum cake,GENERIC,"Grocery-Dried Fruits, Nuts & Seeds",Mixed Dried Fruits,100-1K,1465,6.81,70.36,B079QLDJT8,B08M5SSBHQ,5.03,1.10,0.80,0.00,6.06,0.00,7days
diwali dryfruit gift box,GENERIC,"Grocery-Dried Fruits, Nuts & Seeds",Mixed Dried Fruits,1K-5K,528,6.59,4.47,B07VMBKWTM,B0BBDJMLYR,0.20,0.11,0.44,0.00,6.39,0.00,7days
dryfruit,GENERIC,"Grocery-Dried Fruits, Nuts & Seeds",Mixed Dried Fruits,1K-5K,309,6.17,6.73,B08P1FLDB8,B09HTWBZ66,28.87,10.00,0.00,0.00,0.00,0.00,7days
fresh fruits,GENERIC,"Grocery-Dried Fruits, Nuts & Seeds",Mixed Dried Fruits,1K-5K,178,5.78,18.05,B07BG7LBMS,B0B3RVL6BS,4.73,17.80,12.75,0.00,10.83,0.00,7days
mixed dry fruits 1kg offers low price,GENERIC,"Grocery-Dried Fruits, Nuts & Seeds",Mixed Dried Fruits,1K-5K,166,5.70,18.13,B09JSBL8PS,B09MM96YC4,16.12,16.52,19.39,34.63,42.20,0.00,7days
dry fruits combo pack 1kg offers low price,GENERIC,"Grocery-Dried Fruits, Nuts & Seeds",Mixed Dried Fruits,1K-5K,518,5.47,-3.37,B0974JHBB4,B09HTWBZ66,14.05,3.77,4.58,6.59,42.44,0.00,7days
dry fruits mixed pack,GENERIC,"Grocery-Dried Fruits, Nuts & Seeds",Mixed Dried Fruits,1K-5K,240,4.49,6.41,B01LY6B085,B01LY6B085,20.30,30.11,26.73,28.89,48.96,0.00,7days
dry pineapple,GENERIC,"Grocery-Dried Fruits, Nuts & Seeds",Mixed Dried Fruits,100-1K,1524,2.15,-22.88,B07Q7KP499,B082DGJPH6,16.26,4.26,3.49,0.00,59.93,0.00,7days
dried fruits without sugar,GENERIC,"Grocery-Dried Fruits, Nuts & Seeds",Mixed Dried Fruits,100-1K,1313,1.53,2.40,B094QRM6BR,B094QRM6BR,15.62,7.44,6.14,2.10,52.27,0.00,7days
dry fruits,GENERIC,"Grocery-Dried Fruits, Nuts & Seeds",Mixed Dried Fruits,100K-200K,1,0.41,5.02,B08P1FLDB8,B01LZ5DFW2,30.16,22.18,17.25,39.70,38.48,68.13,7days
rostaa dry fruits,COMPETITOR,"Grocery-Dried Fruits, Nuts & Seeds",Cranberries,100-1K,1157,9.37,37.70,B00OOHSTI0,B07WBY2FDQ,12.31,15.36,12.13,0.00,40.96,0.00,7days
dry mix fruits,GENERIC,"Grocery-Dried Fruits, Nuts & Seeds",Cranberries,100-1K,1820,49.58,94.59,B0974SDFX7,B08JTBYKDW,18.47,10.29,10.19,7.90,53.06,0.00,7days
happilo cranberries,GENERIC,"Grocery-Dried Fruits, Nuts & Seeds",Cranberries,100-1K,1360,35.73,24.75,B01LZ58JYF,B01LZ59BPM,40.23,59.68,57.45,4.67,58.39,0.00,7days
dried fruit,GENERIC,"Grocery-Dried Fruits, Nuts & Seeds",Cranberries,100-1K,1143,34.68,29.68,B09SLPNMYC,B099KNZ4QM,20.28,13.72,9.87,0.00,46.24,0.00,7days
happilo berries mix,GENERIC,"Grocery-Dried Fruits, Nuts & Seeds",Cranberries,100-1K,1541,34.43,55.89,B01LXIWNMH,B01LXIWNMH,62.44,59.90,51.85,20.05,31.40,0.00,7days
cranberry fruit,GENERIC,"Grocery-Dried Fruits, Nuts & Seeds",Cranberries,100-1K,1596,30.10,8.55,B08RC79MN2,B07GR2G678,11.84,2.25,2.59,0.00,33.00,0.00,7days
dry fruits for plum cake,GENERIC,"Grocery-Dried Fruits, Nuts & Seeds",Cranberries,100-1K,754,26.60,88.50,B08QJ5XTKC,B07LFJY8FP,14.55,14.97,13.55,0.00,35.98,14.78,7days
mixed berries dry fruits,GENERIC,"Grocery-Dried Fruits, Nuts & Seeds",Cranberries,100-1K,806,25.87,38.14,B01LXIWNMH,B09LD3ZB96,23.48,7.49,7.52,42.19,54.00,0.00,7days
can berry dry fruit,GENERIC,"Grocery-Dried Fruits, Nuts & Seeds",Cranberries,100-1K,1676,24.77,25.44,B08RC79MN2,B07GQS1669,16.61,4.55,5.06,3.11,32.13,0.00,7days
canbarriers fruit dry,GENERIC,"Grocery-Dried Fruits, Nuts & Seeds",Cranberries,100-1K,1280,20.96,47.62,B07G4F87SP,B07GR24VMV,10.72,6.06,7.66,0.00,30.08,0.00,7days
cranberry dried,GENERIC,"Grocery-Dried Fruits, Nuts & Seeds",Cranberries,100-1K,1033,19.64,21.38,B07512GYB9,B07GR2G678,24.24,23.18,23.73,8.42,34.26,0.00,7days
dry cranberry,GENERIC,"Grocery-Dried Fruits, Nuts & Seeds",Cranberries,100-1K,793,18.65,28.29,B08RC79MN2,B07GR2G678,15.80,2.64,3.74,0.00,46.36,0.00,7days
dry berries,GENERIC,"Grocery-Dried Fruits, Nuts & Seeds",Cranberries,1K-5K,416,16.61,13.07,B01LXIWNMH,B07X7X8QH6,17.31,14.49,13.36,43.41,39.48,30.71,7days
frozen berries for smoothies,GENERIC,"Grocery-Dried Fruits, Nuts & Seeds",Cranberries,100-1K,1251,15.31,6.58,B01LXIWNMH,B077FF8VGJ,14.60,11.30,8.54,0.00,19.74,2.84,7days
strawberries fruits fresh,GENERIC,"Grocery-Dried Fruits, Nuts & Seeds",Cranberries,100-1K,1421,14.80,12.87,B07BG51WR1,B08M5SSBHQ,18.53,8.71,8.62,0.00,31.18,0.00,7days
mixed dry fruits for christmas cake,GENERIC,"Grocery-Dried Fruits, Nuts & Seeds",Cranberries,100-1K,1433,13.98,25.26,B08QJ5XTKC,B0B4DPJ9C3,18.89,2.44,2.65,0.00,36.89,0.00,7days
mix berries without sugar,GENERIC,"Grocery-Dried Fruits, Nuts & Seeds",Cranberries,100-1K,952,12.68,21.12,B08WLZFLXD,B07X7X8QH6,8.57,14.60,15.00,0.00,32.05,51.85,7days
dried cranberries,GENERIC,"Grocery-Dried Fruits, Nuts & Seeds",Cranberries,1K-5K,447,11.94,20.53,B07512GYB9,B07GR2G678,10.64,2.50,2.46,0.00,29.48,0.00,7days
cranberry dry fruit without sugar,GENERIC,"Grocery-Dried Fruits, Nuts & Seeds",Cranberries,1K-5K,300,11.81,16.81,B08RC79MN2,B07GR2G678,4.19,0.65,0.90,0.00,19.46,33.92,7days
berry,GENERIC,"Grocery-Dried Fruits, Nuts & Seeds",Cranberries,1K-5K,316,10.03,15.75,B01LXIWNMH,B07X7X8QH6,14.95,24.42,20.54,0.00,23.96,0.00,7days
black berries dry fruit 1kg,GENERIC,"Grocery-Dried Fruits, Nuts & Seeds",Cranberries,100-1K,1468,9.74,32.03,B0B4BB5HVG,B07X7X8QH6,7.89,0.93,0.99,0.00,33.90,0.00,7days
dry berries mix without sugar,GENERIC,"Grocery-Dried Fruits, Nuts & Seeds",Cranberries,100-1K,1290,9.50,2.32,B09PJBJQN5,B081Z893TM,9.93,9.58,12.11,0.00,27.73,0.00,7days
dehydrated fruit,GENERIC,"Grocery-Dried Fruits, Nuts & Seeds",Cranberries,100-1K,680,9.13,13.66,B08WPP66FX,B07GR24VMV,16.84,3.24,3.54,0.00,45.47,82.19,7days
canberrys,GENERIC,"Grocery-Dried Fruits, Nuts & Seeds",Cranberries,100-1K,786,8.74,13.19,B07512GYB9,B07GR2G678,17.39,13.90,12.38,0.00,39.03,0.00,7days
strawberry fruit,GENERIC,"Grocery-Dried Fruits, Nuts & Seeds",Cranberries,5K-10K,99,7.65,14.22,B07BG51WR1,B08M5SSBHQ,8.22,22.17,19.18,62.73,5.87,0.00,7days
dried berries,GENERIC,"Grocery-Dried Fruits, Nuts & Seeds",Cranberries,1K-5K,197,7.59,5.22,B01LXIWNMH,B07X7X8QH6,13.70,6.72,7.74,58.21,22.80,29.40,7days
candied fruit,GENERIC,"Grocery-Dried Fruits, Nuts & Seeds",Cranberries,100-1K,1349,7.14,9.79,B0846MG7G8,B01NB0IDLL,27.78,11.35,9.75,9.56,55.92,0.00,7days
cranberries dried,GENERIC,"Grocery-Dried Fruits, Nuts & Seeds",Cranberries,100-1K,1343,6.54,-3.86,B07512GYB9,B07GR2G678,9.88,4.24,5.58,0.00,34.29,0.00,7days
berries mix,GENERIC,"Grocery-Dried Fruits, Nuts & Seeds",Cranberries,1K-5K,163,6.38,14.66,B01LXIWNMH,B07X7X8QH6,9.73,1.59,3.74,33.94,25.50,38.84,7days
cranberries dried without sugar,GENERIC,"Grocery-Dried Fruits, Nuts & Seeds",Cranberries,1K-5K,469,5.98,6.95,B08RS69XTJ,B07GR2G678,5.98,2.34,3.67,0.00,18.22,34.16,7days
dry fruits for cake making,GENERIC,"Grocery-Dried Fruits, Nuts & Seeds",Cranberries,100-1K,1749,4.39,24.26,B07SYLJFZ6,B09HTWBZ66,18.05,11.66,8.97,0.00,40.88,0.00,7days
dry blueberries,GENERIC,"Grocery-Dried Fruits, Nuts & Seeds",Cranberries,100-1K,829,3.97,5.09,B01LYTOXJ1,B08RP86P5C,12.55,8.40,8.89,0.00,39.39,0.00,7days
mixed berries,GENERIC,"Grocery-Dried Fruits, Nuts & Seeds",Cranberries,1K-5K,268,3.22,6.70,B01LXIWNMH,B07X7X8QH6,10.37,24.42,22.07,120.90,26.27,77.54,7days
strawberries,GENERIC,"Grocery-Dried Fruits, Nuts & Seeds",Cranberries,100-1K,822,3.15,6.74,B07BG51WR1,B08M5SSBHQ,21.11,5.78,6.87,5.35,44.58,0.00,7days
frozen strawberries,GENERIC,"Grocery-Dried Fruits, Nuts & Seeds",Cranberries,100-1K,1168,3.02,-3.35,B01MZF6ALC,B07TM3FWH3,14.66,0.29,0.72,0.00,43.63,0.00,7days
cranberries,GENERIC,"Grocery-Dried Fruits, Nuts & Seeds",Cranberries,1K-5K,264,2.88,0.43,B07512GYB9,B07GR2G678,11.34,4.02,5.02,0.00,36.83,26.99,7days
cranberry,GENERIC,"Grocery-Dried Fruits, Nuts & Seeds",Cranberries,10K-50K,70,2.73,3.32,B07512GYB9,B07GR2G678,9.85,3.91,4.60,2.63,23.44,95.30,7days
berries,GENERIC,"Grocery-Dried Fruits, Nuts & Seeds",Cranberries,5K-10K,97,2.53,-3.91,B01LXIWNMH,B07X7X8QH6,14.48,21.60,18.79,29.78,27.83,8.71,7days
cranberry dry fruit,GENERIC,"Grocery-Dried Fruits, Nuts & Seeds",Cranberries,10K-50K,63,1.32,-1.11,B08RC79MN2,B07GQS1669,9.72,1.59,3.04,0.00,26.37,34.68,7days
berries mix without sugar,GENERIC,"Grocery-Dried Fruits, Nuts & Seeds",Cranberries,100-1K,634,1.11,2.25,B09PJBJQN5,B07X7X8QH6,9.14,9.76,12.33,0.00,23.23,50.62,7days
frozen berries,GENERIC,"Grocery-Dried Fruits, Nuts & Seeds",Cranberries,1K-5K,391,0.99,-1.43,B08WLZFLXD,B07X7X8QH6,16.50,6.05,4.85,0.00,24.00,0.00,7days
dried blueberry without sugar,GENERIC,"Grocery-Dried Fruits, Nuts & Seeds",Cranberries,100-1K,848,0.36,9.76,B08ZDDHWFT,B08ZDDHWFT,7.85,0.39,0.31,0.00,28.59,26.64,7days
dried rose petals edible organic,GENERIC,"Grocery-Dried Fruits, Nuts & Seeds",Apricots,100-1K,1572,18.30,17.53,B08X2YBGHS,B08X2YBGHS,0.00,2.44,2.60,0.00,1.32,0.00,7days
dry rose petals,GENERIC,"Grocery-Dried Fruits, Nuts & Seeds",Apricots,1K-5K,513,17.50,22.30,B08RBQJ84Y,B07PZ7PJ3R,1.03,0.00,0.00,0.00,3.53,0.00,7days
rose petal,GENERIC,"Grocery-Dried Fruits, Nuts & Seeds",Apricots,100-1K,1152,16.91,27.90,B08RBQJ84Y,B07PZ7PJ3R,0.04,0.00,0.00,0.00,0.00,0.00,7days
rose petals,GENERIC,"Grocery-Dried Fruits, Nuts & Seeds",Apricots,1K-5K,224,5.14,7.95,B08RBQJ84Y,B07PZ7PJ3R,0.09,0.00,0.00,0.00,0.00,0.00,7days
apricots,GENERIC,"Grocery-Dried Fruits, Nuts & Seeds",Apricots,1K-5K,315,3.85,8.69,B082DGDZM9,B01M04G25G,4.57,5.31,4.21,45.53,1.36,0.00,7days
rasberry,GENERIC,"Grocery-Dried Fruits, Nuts & Seeds",Apricots,100-1K,925,3.48,15.18,B0B2LJV3JR,B07GR8351K,10.40,5.51,5.41,0.00,26.84,0.00,7days
khumani dry fruits 1kg offer,GENERIC,"Grocery-Dried Fruits, Nuts & Seeds",Apricots,100-1K,821,1.45,-2.79,B078LJJCHF,B07NCNQMNM,10.55,4.95,4.02,0.00,16.74,0.00,7days
dried apricot,GENERIC,"Grocery-Dried Fruits, Nuts & Seeds",Apricots,1K-5K,230,0.50,6.85,B082DGDZM9,B07NCNQMNM,4.70,5.93,4.69,30.97,7.86,0.00,7days
dried apricots,GENERIC,"Grocery-Dried Fruits, Nuts & Seeds",Apricots,100-1K,832,0.33,-6.40,B078LJJCHF,B01M04G25G,8.73,6.84,6.12,8.07,2.00,0.00,7days
apricot,GENERIC,"Grocery-Dried Fruits, Nuts & Seeds",Apricots,10K-50K,84,0.30,6.83,B082DGDZM9,B01M04G25G,5.36,5.96,4.66,30.74,1.24,0.00,7days
sft pumpkin seeds,COMPETITOR,"Grocery-Dried Fruits, Nuts & Seeds",Pumpkin Seeds,100-1K,1448,30.77,59.78,B08296TRWV,B09NYB4SPH,6.96,6.84,7.84,0.00,27.24,0.00,7days
neuherbs pumpkin seeds,COMPETITOR,"Grocery-Dried Fruits, Nuts & Seeds",Pumpkin Seeds,100-1K,1830,28.98,37.03,B07R55QNXB,B07R55QNXB,4.46,13.48,12.80,0.00,21.46,0.00,7days
fia home foods products,GENERIC,"Grocery-Dried Fruits, Nuts & Seeds",Pumpkin Seeds,1K-5K,456,60.12,60.07,B09QNJ3C8J,B0B5LVHCH9,11.53,1.38,2.61,0.00,4.15,0.00,7days
pumkin seeds,GENERIC,"Grocery-Dried Fruits, Nuts & Seeds",Pumpkin Seeds,1K-5K,210,36.38,45.07,B089WVTBXX,B07GQW1HJC,6.48,16.67,0.00,0.00,0.00,0.00,7days
happilo pumpkin seeds,GENERIC,"Grocery-Dried Fruits, Nuts & Seeds",Pumpkin Seeds,100-1K,1016,25.72,13.89,B0758JN87N,B07587K8S5,44.81,41.89,39.25,24.37,26.06,0.00,7days
raw pumpkin seeds,GENERIC,"Grocery-Dried Fruits, Nuts & Seeds",Pumpkin Seeds,100-1K,750,20.11,48.15,B07R55QNXB,B01M3SDPPK,7.80,10.29,11.42,0.00,22.42,0.00,7days
pumpkin seeds in fresh,GENERIC,"Grocery-Dried Fruits, Nuts & Seeds",Pumpkin Seeds,100-1K,845,18.44,31.42,B07GQRWYNP,B07GQW1HJC,5.97,27.56,26.90,6.14,4.86,0.00,7days
pumpkin seeds 1_kg,GENERIC,"Grocery-Dried Fruits, Nuts & Seeds",Pumpkin Seeds,100-1K,887,15.24,-7.44,B0B6SPPDCW,B07GQWST7Y,9.52,2.39,4.91,0.00,34.91,2.01,7days
pumpkin seeds 1 kg,GENERIC,"Grocery-Dried Fruits, Nuts & Seeds",Pumpkin Seeds,100-1K,1326,8.50,10.76,B08S3DN5JC,B06WGP7PSQ,5.77,0.31,0.26,0.00,25.42,0.00,7days
pumpkin seed,GENERIC,"Grocery-Dried Fruits, Nuts & Seeds",Pumpkin Seeds,5K-10K,130,7.35,-19.62,B089WVTBXX,B07GQW1HJC,9.55,18.70,18.20,18.56,8.67,0.00,7days
kaddu ke beej,GENERIC,"Grocery-Dried Fruits, Nuts & Seeds",Pumpkin Seeds,100-1K,1125,5.30,-14.45,B09H2XX7W6,B07GQW1HJC,2.09,3.96,4.58,0.00,2.61,0.00,7days
pumpkin seeds and sunflower seeds combo,GENERIC,"Grocery-Dried Fruits, Nuts & Seeds",Pumpkin Seeds,1K-5K,408,4.02,1.56,B08VRVP5SS,B088XLZDJC,3.71,0.37,0.34,0.00,23.82,0.00,7days
pumpkin puree,GENERIC,"Grocery-Dried Fruits, Nuts & Seeds",Pumpkin Seeds,100-1K,1542,2.57,-8.62,B0B1WVMP98,B09579V36G,0.00,0.91,0.71,0.00,0.72,0.00,7days
pumpkin seeds organic,GENERIC,"Grocery-Dried Fruits, Nuts & Seeds",Pumpkin Seeds,100-1K,1078,1.60,15.99,B07R55QNXB,B0B3T42341,3.46,0.00,0.88,0.00,20.04,4.76,7days
sunflower and pumpkin seeds combo,GENERIC,"Grocery-Dried Fruits, Nuts & Seeds",Pumpkin Seeds,100-1K,1656,0.65,11.33,B08Y6H19BZ,B088XLZDJC,2.36,0.45,0.72,0.00,34.26,0.00,7days
pumpkin seeds,GENERIC,"Grocery-Dried Fruits, Nuts & Seeds",Pumpkin Seeds,50K-100K,5,0.43,9.43,B089WVTBXX,B07GQW1HJC,6.84,4.94,6.59,33.06,13.59,26.84,7days
pumpkin seeds 500gm,GENERIC,"Grocery-Dried Fruits, Nuts & Seeds",Pumpkin Seeds,5K-10K,139,0.41,0.16,B06X9P143F,B07GQW1HJC,3.96,12.66,12.33,107.00,31.11,34.93,7days
dried plums,GENERIC,"Grocery-Dried Fruits, Nuts & Seeds",Blueberries,100-1K,987,45.43,71.01,B08NHNKX4G,B00RTBV0R0,4.49,0.00,0.00,0.00,24.34,0.00,7days
blueberries fresh fruit,GENERIC,"Grocery-Dried Fruits, Nuts & Seeds",Blueberries,1K-5K,397,25.90,61.30,B07BG8V84G,B07GR24VMZ,25.32,5.54,5.56,0.00,68.45,19.76,7days
goji berries,GENERIC,"Grocery-Dried Fruits, Nuts & Seeds",Blueberries,100-1K,865,25.02,26.21,B0714KWZ7P,B01HM9TJH6,5.83,3.44,2.94,0.00,16.18,0.00,7days
rum soaked dry fruits for plum cake,GENERIC,"Grocery-Dried Fruits, Nuts & Seeds",Blueberries,100-1K,1283,17.40,45.20,B07SYLJFZ6,B0B3135YSS,14.08,7.43,5.96,0.00,24.04,0.00,7days
happilo blueberries,GENERIC,"Grocery-Dried Fruits, Nuts & Seeds",Blueberries,100-1K,1389,16.79,-5.35,B01LYTOXJ1,B0758J9P5T,73.81,48.91,44.01,0.00,61.54,0.00,7days
blueberry fresh fruit,GENERIC,"Grocery-Dried Fruits, Nuts & Seeds",Blueberries,1K-5K,289,11.53,19.11,B01MCVLVC7,B09PJD7MVG,20.59,13.15,11.08,35.83,54.00,35.84,7days
blueberries dry fruit,GENERIC,"Grocery-Dried Fruits, Nuts & Seeds",Blueberries,100-1K,970,9.34,12.40,B01MCVLVC7,B07GQWST7K,17.60,7.45,6.36,0.00,45.94,8.38,7days
plums dry fruit,GENERIC,"Grocery-Dried Fruits, Nuts & Seeds",Blueberries,100-1K,1454,7.98,25.41,B08NHNKX4G,B00RTBV0R0,2.56,0.00,0.00,0.00,0.00,0.00,7days
dried kiwi,GENERIC,"Grocery-Dried Fruits, Nuts & Seeds",Blueberries,1K-5K,354,6.85,17.03,B09SLPNMYC,B08SW7HGY9,8.02,0.99,0.87,18.06,27.13,0.00,7days
blue berry fruit dry,GENERIC,"Grocery-Dried Fruits, Nuts & Seeds",Blueberries,1K-5K,378,6.22,-1.67,B01MCVLVC7,B01AWJJ1Y4,19.25,7.03,6.95,45.10,53.77,23.33,7days
dried blueberry,GENERIC,"Grocery-Dried Fruits, Nuts & Seeds",Blueberries,100-1K,1263,5.19,17.59,B01LYTOXJ1,B07GQWST7K,23.19,0.64,0.69,0.00,50.88,11.24,7days
blue berry,GENERIC,"Grocery-Dried Fruits, Nuts & Seeds",Blueberries,1K-5K,248,3.98,16.71,B01MCVLVC7,B01LYTOXJ1,22.93,10.98,10.09,20.86,53.35,13.01,7days
blueberry,GENERIC,"Grocery-Dried Fruits, Nuts & Seeds",Blueberries,10K-50K,62,3.85,5.40,B01MCVLVC7,B07GQWST7K,24.04,2.34,2.59,8.41,55.31,37.32,7days
dried prunes,GENERIC,"Grocery-Dried Fruits, Nuts & Seeds",Blueberries,100-1K,688,2.81,-0.85,B00OOHS0AC,B00RTBV0R0,6.92,0.09,0.08,0.00,23.56,0.00,7days
blueberries without sugar,GENERIC,"Grocery-Dried Fruits, Nuts & Seeds",Blueberries,100-1K,685,1.94,11.45,B08ZDDHWFT,B07GQWST7K,14.56,1.65,1.59,0.00,55.75,117.66,7days
blue berry fruit fresh,GENERIC,"Grocery-Dried Fruits, Nuts & Seeds",Blueberries,100-1K,1649,1.68,6.00,B07B1333MK,B07GR24VMV,20.34,18.65,15.06,0.00,58.25,0.00,7days
goji berry,GENERIC,"Grocery-Dried Fruits, Nuts & Seeds",Blueberries,1K-5K,405,1.11,6.55,B01HM9TJH6,B08RC5LGQ1,3.01,0.63,0.66,0.00,14.78,0.00,7days
blueberry dry fruit,GENERIC,"Grocery-Dried Fruits, Nuts & Seeds",Blueberries,10K-50K,86,0.56,1.84,B01MCVLVC7,B08RP86P5C,19.01,6.83,5.54,19.96,53.74,19.42,7days
blue berry fruit,GENERIC,"Grocery-Dried Fruits, Nuts & Seeds",Blueberries,1K-5K,161,0.33,1.07,B01MCVLVC7,B07GR82XK8,19.76,11.90,11.99,0.00,51.38,21.64,7days
aloo bukhara dry fruit,GENERIC,"Grocery-Dried Fruits, Nuts & Seeds",Prunes,100-1K,1707,9.58,19.17,B07NDSF4JL,B00RTBV0R0,3.18,0.00,0.00,0.00,11.97,0.00,7days
neuherbs chia seeds,COMPETITOR,"Grocery-Dried Fruits, Nuts & Seeds",Chia Seeds,100-1K,1373,3.38,-7.95,B07QX5QJ1H,B06WWMXY3B,0.17,1.78,3.11,0.00,2.79,0.00,7days
siya seed,GENERIC,"Grocery-Dried Fruits, Nuts & Seeds",Chia Seeds,100-1K,1187,64.49,68.83,B07NWL449W,B09DQ27G76,0.49,0.00,0.00,0.00,0.00,0.00,7days
healthy food,GENERIC,"Grocery-Dried Fruits, Nuts & Seeds",Chia Seeds,100-1K,1004,47.44,34.59,B013SRPYSY,B081N3L7X9,14.06,1.98,2.01,0.00,9.90,0.00,7days
fresh vegetables and fruits in fresh,GENERIC,"Grocery-Dried Fruits, Nuts & Seeds",Chia Seeds,100-1K,1602,26.90,-21.86,B01LZGVQV4,B093PQKSFT,8.70,16.33,10.59,0.00,23.28,0.00,7days
chia seeds food,GENERIC,"Grocery-Dried Fruits, Nuts & Seeds",Chia Seeds,100-1K,1659,25.94,41.50,B013SRPYSY,B06WWMXY3B,0.00,1.01,1.43,0.00,0.89,0.00,7days
chia seed food,GENERIC,"Grocery-Dried Fruits, Nuts & Seeds",Chia Seeds,100-1K,1177,25.85,21.05,B013SRPYSY,B06WWMXY3B,0.00,0.48,0.90,0.00,0.68,0.00,7days
chea seeds,GENERIC,"Grocery-Dried Fruits, Nuts & Seeds",Chia Seeds,100-1K,931,19.61,3.40,B07QX5QJ1H,B01M6ZAIXL,0.20,0.00,0.00,0.00,0.00,0.00,7days
black seeds,GENERIC,"Grocery-Dried Fruits, Nuts & Seeds",Chia Seeds,100-1K,866,17.75,30.98,B07H2FSSPQ,B07L1FWYSL,0.09,0.00,0.00,0.00,0.00,0.00,7days
alfalfa seeds,GENERIC,"Grocery-Dried Fruits, Nuts & Seeds",Chia Seeds,1K-5K,474,17.43,6.37,B01MUCI02X,B01MUCI02X,1.50,0.58,0.70,8.06,3.45,0.00,7days
sabja seeds 1kg,GENERIC,"Grocery-Dried Fruits, Nuts & Seeds",Chia Seeds,100-1K,827,17.37,26.08,B09CMF15DW,B07KXLW56F,2.65,0.00,0.00,0.00,13.11,0.00,7days
chia+seeds+food,GENERIC,"Grocery-Dried Fruits, Nuts & Seeds",Chia Seeds,100-1K,1261,16.21,37.06,B013SRPYSY,B06WWMXY3B,0.00,0.22,0.41,0.00,0.89,0.00,7days
chiya seed,GENERIC,"Grocery-Dried Fruits, Nuts & Seeds",Chia Seeds,100-1K,1097,12.80,-0.93,B07QX5QJ1H,B01M6ZAIXL,0.08,0.00,0.00,0.00,0.00,0.00,7days
chia,GENERIC,"Grocery-Dried Fruits, Nuts & Seeds",Chia Seeds,1K-5K,407,12.06,2.26,B07QX5QJ1H,B08X7YCH9F,0.37,3.46,4.50,0.00,1.71,0.00,7days
raw chia seeds,GENERIC,"Grocery-Dried Fruits, Nuts & Seeds",Chia Seeds,100-1K,1288,11.50,14.64,B06WWMXY3B,B01M6ZAIXL,0.04,0.00,1.26,0.00,1.65,0.00,7days
chiya+seeds,GENERIC,"Grocery-Dried Fruits, Nuts & Seeds",Chia Seeds,1K-5K,322,11.08,0.41,B013SRPYSY,B01M6ZAIXL,0.00,9.55,7.80,0.00,1.18,0.00,7days
chiaseed,GENERIC,"Grocery-Dried Fruits, Nuts & Seeds",Chia Seeds,100-1K,1591,9.59,17.88,B07QX5QJ1H,B01M6ZAIXL,0.07,0.00,0.00,0.00,0.00,0.00,7days
basil seeds,GENERIC,"Grocery-Dried Fruits, Nuts & Seeds",Chia Seeds,5K-10K,123,7.95,-2.21,B07KXLW56F,B07KXLPMRN,5.93,0.05,0.04,0.00,14.73,0.00,7days
chia seeds in fresh,GENERIC,"Grocery-Dried Fruits, Nuts & Seeds",Chia Seeds,1K-5K,186,7.47,-0.47,B013SRPYSY,B07GQQLZPD,3.27,3.22,7.27,0.00,0.20,0.00,7days
chia seeds 1_kg,GENERIC,"Grocery-Dried Fruits, Nuts & Seeds",Chia Seeds,100-1K,1146,6.64,-2.76,B07NWL449W,B06WWMXY3B,0.00,2.93,5.89,2.86,1.22,0.00,7days
sabja seeds,GENERIC,"Grocery-Dried Fruits, Nuts & Seeds",Chia Seeds,5K-10K,106,3.90,-7.77,B07KXLW56F,B07KXLW56F,5.02,0.19,0.17,0.00,8.94,0.00,7days
chia seeds,GENERIC,"Grocery-Dried Fruits, Nuts & Seeds",Chia Seeds,100K-200K,2,2.11,0.73,B07QX5QJ1H,B01M6ZAIXL,0.12,1.97,3.03,37.40,1.90,0.00,7days
chia seeds for weight loss,GENERIC,"Grocery-Dried Fruits, Nuts & Seeds",Chia Seeds,10K-50K,26,1.90,-6.82,B07QX5QJ1H,B06WWMXY3B,0.06,0.43,1.47,12.98,1.55,6.23,7days
chia seeds in fresh 100g,GENERIC,"Grocery-Dried Fruits, Nuts & Seeds",Chia Seeds,100-1K,1357,1.75,1.06,B013SRPYSY,B07GQQLZPD,3.54,2.88,5.25,0.00,1.64,0.00,7days
chai seed,GENERIC,"Grocery-Dried Fruits, Nuts & Seeds",Chia Seeds,1K-5K,495,1.71,3.03,B013SRPYSY,B0BL3WKNPL,0.27,1.22,1.26,0.00,1.91,0.00,7days
chia seed,GENERIC,"Grocery-Dried Fruits, Nuts & Seeds",Chia Seeds,10K-50K,85,0.28,-3.14,B07QX5QJ1H,B01M6ZAIXL,0.95,0.26,0.40,0.00,1.11,0.00,7days
tong garden sunflower seeds,COMPETITOR,"Grocery-Dried Fruits, Nuts & Seeds",Sunflower Seeds,100-1K,993,14.04,27.45,B084Q6X2M3,B07Q7KKYJV,5.44,0.41,2.30,0.00,3.98,0.00,7days
organic sunflower seeds,GENERIC,"Grocery-Dried Fruits, Nuts & Seeds",Sunflower Seeds,100-1K,1061,3.61,16.84,B07R61Z6F2,B06WWP5JRD,0.50,0.19,0.33,0.00,2.50,0.00,7days
macadamia nuts,GENERIC,"Grocery-Dried Fruits, Nuts & Seeds",Macadamia,5K-10K,140,1.99,-1.24,B08ZT1ZPG6,B014UTFY3O,6.51,0.17,0.18,0.00,13.95,0.00,7days
aleev seeds organic,GENERIC,"Grocery-Dried Fruits, Nuts & Seeds",Flaxseeds,100-1K,1456,38.25,81.17,B075454BJF,B099WCGLG3,0.00,4.92,0.00,0.00,0.00,0.00,7days
flex seeds 100g,GENERIC,"Grocery-Dried Fruits, Nuts & Seeds",Flaxseeds,100-1K,1502,23.18,42.70,B00M57XM8I,B07GR346G4,3.19,0.00,0.00,0.00,0.00,0.00,7days
flax seeds in fresh,GENERIC,"Grocery-Dried Fruits, Nuts & Seeds",Flaxseeds,1K-5K,428,20.96,16.68,B07GR346G4,B07GR346G4,5.95,0.00,0.00,0.00,0.00,0.00,7days
alsi seeds 1kg,GENERIC,"Grocery-Dried Fruits, Nuts & Seeds",Flaxseeds,1K-5K,292,19.92,30.46,B075NFHK5M,B06XW6F9QG,0.01,0.00,0.00,0.00,0.70,0.00,7days
roasted flax seeds for eating,GENERIC,"Grocery-Dried Fruits, Nuts & Seeds",Flaxseeds,1K-5K,444,10.16,28.71,B07BSHM94V,B06XW7BSFV,3.45,0.00,0.00,0.00,2.91,0.00,7days
flax,GENERIC,"Grocery-Dried Fruits, Nuts & Seeds",Flaxseeds,1K-5K,479,7.05,11.31,B07GR346G4,B07GR346G4,0.30,0.00,0.00,0.00,0.00,0.00,7days
alsi,GENERIC,"Grocery-Dried Fruits, Nuts & Seeds",Flaxseeds,1K-5K,388,6.86,15.02,B075NFHK5M,B07GR346G4,0.01,0.12,0.10,0.00,1.33,0.00,7days
flaxseeds seeds,GENERIC,"Grocery-Dried Fruits, Nuts & Seeds",Flaxseeds,100-1K,1384,6.83,6.28,B07GR346G4,B06XW6F9QG,2.31,0.00,0.00,0.00,0.00,0.00,7days
flaxseed seeds,GENERIC,"Grocery-Dried Fruits, Nuts & Seeds",Flaxseeds,1K-5K,396,6.25,4.77,B07GR346G4,B06XW6F9QG,0.51,0.00,0.00,0.00,0.00,0.00,7days
flex seeds. 100g,GENERIC,"Grocery-Dried Fruits, Nuts & Seeds",Flaxseeds,1K-5K,534,5.88,-6.00,B00M57XM8I,B07GR346G4,0.16,0.00,0.00,0.00,1.03,0.00,7days
flaxseeds,GENERIC,"Grocery-Dried Fruits, Nuts & Seeds",Flaxseeds,100-1K,575,4.81,-2.35,B08HV5SH8Z,B07GQZ7ZVT,0.41,0.00,0.00,0.00,0.00,0.00,7days
flaxseed,GENERIC,"Grocery-Dried Fruits, Nuts & Seeds",Flaxseeds,5K-10K,128,3.17,7.92,B07GR346G4,B07GQZ7ZVT,0.39,0.00,0.00,0.00,0.00,0.00,7days
avisa seeds,GENERIC,"Grocery-Dried Fruits, Nuts & Seeds",Flaxseeds,100-1K,1560,2.84,2.68,B075NFHK5M,B06XW6F9QG,5.18,3.57,4.50,0.00,1.05,0.00,7days
flakes seeds,GENERIC,"Grocery-Dried Fruits, Nuts & Seeds",Flaxseeds,1K-5K,520,2.39,15.24,B08HV5SH8Z,B07GR346G4,0.02,0.00,0.00,0.00,1.17,0.00,7days
flax seeds 1kg,GENERIC,"Grocery-Dried Fruits, Nuts & Seeds",Flaxseeds,5K-10K,117,2.06,-3.26,B075NFHK5M,B06XW6F9QG,0.40,0.00,0.00,0.00,0.00,0.00,7days
flax seeds for eating,GENERIC,"Grocery-Dried Fruits, Nuts & Seeds",Flaxseeds,100-1K,1273,1.58,-30.37,B07GR346G4,B06XW7BSFV,0.09,0.22,0.37,0.00,1.43,0.00,7days
flax seed,GENERIC,"Grocery-Dried Fruits, Nuts & Seeds",Flaxseeds,5K-10K,155,1.29,4.98,B07GR346G4,B06XW6F9QG,0.58,0.00,0.00,0.00,0.00,0.00,7days
flax seeds organic,GENERIC,"Grocery-Dried Fruits, Nuts & Seeds",Flaxseeds,100-1K,1212,0.77,-3.27,B08HV5SH8Z,B06XW6F9QG,0.04,0.00,0.00,0.00,0.00,0.00,7days
flax seeds,GENERIC,"Grocery-Dried Fruits, Nuts & Seeds",Flaxseeds,50K-100K,14,0.71,1.02,B07GR346G4,B06XW6F9QG,0.50,0.00,0.00,0.00,1.40,0.00,7days
flax seeds powder,GENERIC,"Grocery-Dried Fruits, Nuts & Seeds",Flaxseeds,1K-5K,235,0.47,-1.25,B091XX868R,B06XW6F9QG,0.08,0.00,0.00,0.00,0.61,0.00,7days
flack seeds,GENERIC,"Grocery-Dried Fruits, Nuts & Seeds",Flaxseeds,100-1K,669,0.42,3.54,B08HV5SH8Z,B07GR346G4,3.41,0.00,0.00,0.00,0.00,0.00,7days
pine nuts,GENERIC,"Grocery-Dried Fruits, Nuts & Seeds",Pine Seeds,5K-10K,122,5.52,10.33,B08P9SQ8RY,B01H8Y2VV6,0.48,0.00,0.00,0.00,4.70,0.00,7days
kharbuja seeds,GENERIC,"Grocery-Dried Fruits, Nuts & Seeds",Muskmelon Seeds,100-1K,1059,8.45,22.45,B07Y5JL4LD,B01M6ZAIXL,4.94,0.19,0.28,0.00,6.41,0.00,7days
melon seeds,GENERIC,"Grocery-Dried Fruits, Nuts & Seeds",Nuts & Seeds,1K-5K,191,1.34,8.86,B01MEHGSRK,B01F8UA1AA,1.49,2.43,2.26,0.00,4.35,0.00,7days
dried mango slice,GENERIC,"Grocery-Dried Fruits, Nuts & Seeds",Mangos,100-1K,1351,24.12,33.95,B00LPHGOE8,B08CHLTR72,0.83,0.00,0.19,0.00,20.90,0.00,7days
mango,GENERIC,"Grocery-Dried Fruits, Nuts & Seeds",Mangos,1K-5K,434,21.14,73.11,B01ND1ED2D,B08XZLH675,8.94,0.00,0.00,0.00,0.00,0.00,7days
dried mango,GENERIC,"Grocery-Dried Fruits, Nuts & Seeds",Mangos,1K-5K,435,3.69,-3.00,B09SLN3L77,B07FDV7Z5Z,6.39,0.00,0.09,0.00,25.38,0.00,7days
hazlenut,GENERIC,"Grocery-Dried Fruits, Nuts & Seeds",Hazelnuts,100-1K,564,71.68,129.41,B08Y77ZN5X,B08S7B6RJC,11.35,0.00,0.00,0.00,34.51,0.00,7days
brazil+nuts,GENERIC,"Grocery-Dried Fruits, Nuts & Seeds",Hazelnuts,100-1K,1450,34.09,23.38,B08X4TQP1Z,B014URMS0S,5.90,0.31,0.26,0.00,11.24,0.00,7days
roasted hazelnut,GENERIC,"Grocery-Dried Fruits, Nuts & Seeds",Hazelnuts,100-1K,1802,28.57,7.35,B08G1RNDJB,B0BDGBYVRN,1.74,0.78,0.66,0.00,9.23,0.00,7days
hazelnuts 1kg,GENERIC,"Grocery-Dried Fruits, Nuts & Seeds",Hazelnuts,100-1K,857,22.42,4.82,B08SHYHFF2,B08SHYHFF2,0.59,0.00,0.00,0.00,0.00,0.00,7days
hazel nuts,GENERIC,"Grocery-Dried Fruits, Nuts & Seeds",Hazelnuts,1K-5K,185,22.14,23.17,B07175MW1C,B08S7B6RJC,0.48,0.05,0.04,0.00,0.18,0.00,7days
hazlett nut,GENERIC,"Grocery-Dried Fruits, Nuts & Seeds",Hazelnuts,100-1K,1480,18.05,-5.36,B01N29UV22,B08P9SQ8RY,11.60,3.22,3.04,0.00,0.85,0.00,7days
hazelnut,GENERIC,"Grocery-Dried Fruits, Nuts & Seeds",Hazelnuts,10K-50K,48,15.28,16.60,B01HNRWIXY,B08S7B6RJC,0.37,0.00,0.00,0.00,0.00,0.00,7days
brazilian nuts,GENERIC,"Grocery-Dried Fruits, Nuts & Seeds",Hazelnuts,1K-5K,225,8.96,-11.59,B07587K8RS,B0BBCKVLGQ,7.41,7.46,6.89,0.00,12.87,0.00,7days
brazil nut,GENERIC,"Grocery-Dried Fruits, Nuts & Seeds",Hazelnuts,1K-5K,449,7.43,4.63,B07QSH31HG,B0BBCKVLGQ,7.81,0.08,0.07,0.00,5.78,0.00,7days
brazil nuts,GENERIC,"Grocery-Dried Fruits, Nuts & Seeds",Hazelnuts,10K-50K,35,6.97,2.89,B07QSH31HG,B014URMS0S,12.58,1.30,1.45,0.00,5.50,0.00,7days
hazelnuts,GENERIC,"Grocery-Dried Fruits, Nuts & Seeds",Hazelnuts,1K-5K,308,5.90,-18.30,B01HNRWIXY,B08S7B6RJC,0.12,0.00,0.00,0.00,0.00,0.00,7days
brazil nuts 250g,GENERIC,"Grocery-Dried Fruits, Nuts & Seeds",Hazelnuts,100-1K,601,2.11,-6.54,B08ZKS7NCZ,B014URMS0S,1.17,0.29,0.48,0.00,5.24,0.00,7days
tong garden,COMPETITOR,"Grocery-Dried Fruits, Nuts & Seeds",Peanuts,1K-5K,277,14.34,15.30,B00M7TFH3W,B09P222TPN,33.33,0.00,0.00,3.53,9.69,0.00,7days
fresh amazon fresh,GENERIC,"Grocery-Dried Fruits, Nuts & Seeds",Peanuts,5K-10K,111,89.92,125.94,B085NTZMVR,B074MD7DGS,7.47,1.38,3.32,0.00,5.89,0.00,7days
raw peanuts 500 gm,GENERIC,"Grocery-Dried Fruits, Nuts & Seeds",Peanuts,100-1K,1561,40.51,35.60,B07KXGFGSS,B07KXGFGSS,3.05,0.00,0.00,0.00,0.00,0.00,7days
peanuts 500g,GENERIC,"Grocery-Dried Fruits, Nuts & Seeds",Peanuts,100-1K,729,33.55,23.17,B00M57WJQ4,B07KXGFGSS,5.45,0.00,0.00,0.00,3.52,0.00,7days
unsalted peanuts,GENERIC,"Grocery-Dried Fruits, Nuts & Seeds",Peanuts,100-1K,876,31.83,54.26,B07W4KCDB7,B09778XT2N,0.71,0.00,0.00,0.00,0.00,0.00,7days
peanuts 500gm,GENERIC,"Grocery-Dried Fruits, Nuts & Seeds",Peanuts,100-1K,802,30.75,43.09,B00M57WJQ4,B07KXGFGSS,0.52,0.00,0.00,0.00,4.88,0.00,7days
raw peanut,GENERIC,"Grocery-Dried Fruits, Nuts & Seeds",Peanuts,1K-5K,363,24.39,20.90,B07MNFRFR3,B07KXGFGSS,1.20,0.08,0.08,0.00,4.54,0.00,7days
peanut raw,GENERIC,"Grocery-Dried Fruits, Nuts & Seeds",Peanuts,1K-5K,228,21.47,18.28,B07MNFRFR3,B07KXGFGSS,4.06,0.00,0.00,0.00,2.58,0.00,7days
peanut 500gm,GENERIC,"Grocery-Dried Fruits, Nuts & Seeds",Peanuts,100-1K,1192,19.31,22.28,B00M57WJQ4,B07KXGFGSS,2.67,0.00,0.00,0.00,0.00,0.00,7days
pallilu 1kg,GENERIC,"Grocery-Dried Fruits, Nuts & Seeds",Peanuts,100-1K,604,18.55,22.74,B08C2P8L95,B07KXGFGSS,0.10,0.00,0.00,0.00,3.36,0.00,7days
moongfali,GENERIC,"Grocery-Dried Fruits, Nuts & Seeds",Peanuts,1K-5K,355,18.21,30.69,B07KXGFGSS,B07KXGFGSS,0.00,0.04,0.03,0.00,4.88,0.00,7days
salted peanut,GENERIC,"Grocery-Dried Fruits, Nuts & Seeds",Peanuts,100-1K,594,17.90,17.79,B01HCYY3VS,B07VLHW1PW,7.48,0.07,0.07,0.00,7.67,0.00,7days
groundnut 1kg,GENERIC,"Grocery-Dried Fruits, Nuts & Seeds",Peanuts,1K-5K,485,15.36,18.87,B07KXGFGSS,B07KXGFGSS,0.18,0.00,0.00,0.00,0.00,0.00,7days
peanut roasted,GENERIC,"Grocery-Dried Fruits, Nuts & Seeds",Peanuts,100-1K,1162,15.02,16.83,B07VLHW1PW,B07KXGFGSS,1.61,0.00,0.00,0.00,5.69,0.00,7days
peanuts raw,GENERIC,"Grocery-Dried Fruits, Nuts & Seeds",Peanuts,1K-5K,236,15.00,5.91,B07KXGFGSS,B07KXGFGSS,1.58,0.00,0.00,0.00,4.69,0.00,7days
peanuts roasted salted,GENERIC,"Grocery-Dried Fruits, Nuts & Seeds",Peanuts,100-1K,597,14.72,12.14,B07VLHW1PW,B0B8ZGTCBX,1.13,0.00,0.00,0.00,0.00,0.00,7days
organic peanut,GENERIC,"Grocery-Dried Fruits, Nuts & Seeds",Peanuts,1K-5K,552,14.42,29.05,B00M57WJQ4,B00M57WJQ4,0.32,0.00,0.00,0.00,0.00,0.00,7days
peanut salted,GENERIC,"Grocery-Dried Fruits, Nuts & Seeds",Peanuts,100-1K,1773,14.40,15.71,B01HCYY3VS,B0BCH9FS7B,6.19,0.00,0.00,0.00,6.60,0.00,7days
groundnut,GENERIC,"Grocery-Dried Fruits, Nuts & Seeds",Peanuts,10K-50K,51,13.02,18.64,B00M57WJQ4,B07KXGFGSS,0.05,0.00,0.00,0.00,3.00,0.00,7days
peanuts 1kg,GENERIC,"Grocery-Dried Fruits, Nuts & Seeds",Peanuts,100-1K,686,12.29,6.72,B07KXGFGSS,B07KXGFGSS,0.14,0.06,0.05,0.00,3.71,0.00,7days
pallilu 1kg loose,GENERIC,"Grocery-Dried Fruits, Nuts & Seeds",Peanuts,100-1K,1131,10.77,6.21,B07MNFRFR3,B07KXGFGSS,0.05,0.00,0.00,0.00,0.00,0.00,7days
peanut,GENERIC,"Grocery-Dried Fruits, Nuts & Seeds",Peanuts,10K-50K,33,10.40,11.33,B07KXGFGSS,B07KXGFGSS,0.02,0.03,0.02,0.00,2.47,0.00,7days
mungfali,GENERIC,"Grocery-Dried Fruits, Nuts & Seeds",Peanuts,1K-5K,529,9.85,11.59,B09MDBTMT8,B07KXGFGSS,0.01,0.00,0.00,0.00,0.00,0.00,7days
peanuts,GENERIC,"Grocery-Dried Fruits, Nuts & Seeds",Peanuts,10K-50K,28,8.62,18.13,B07KXGFGSS,B07KXGFGSS,0.02,0.02,0.02,0.00,2.92,0.00,7days
ground nut,GENERIC,"Grocery-Dried Fruits, Nuts & Seeds",Peanuts,1K-5K,181,8.12,14.18,B07MNFRFR3,B07KXGFGSS,3.70,0.00,0.00,0.00,5.80,0.00,7days
roasted peanuts,GENERIC,"Grocery-Dried Fruits, Nuts & Seeds",Peanuts,5K-10K,133,6.52,7.80,B083BSL7BH,B07KXGFGSS,1.72,0.01,0.01,0.00,3.32,0.00,7days
raw peanuts,GENERIC,"Grocery-Dried Fruits, Nuts & Seeds",Peanuts,1K-5K,283,5.91,2.62,B07KXGFGSS,B07KXGFGSS,0.59,0.07,0.06,0.00,4.71,0.00,7days
peanuts salted,GENERIC,"Grocery-Dried Fruits, Nuts & Seeds",Peanuts,100-1K,1422,5.53,9.05,B01HCYY3VS,B08SPXKGSB,6.24,0.00,0.12,0.00,4.41,0.00,7days
raw peanut 1kg,GENERIC,"Grocery-Dried Fruits, Nuts & Seeds",Peanuts,100-1K,922,5.33,17.64,B00L925K3K,B07KXGFGSS,0.03,0.00,0.00,0.00,0.00,0.00,7days
peanuts 1_kg,GENERIC,"Grocery-Dried Fruits, Nuts & Seeds",Peanuts,1K-5K,375,5.13,7.81,B07KXGFGSS,B07KXGFGSS,0.18,0.00,0.00,0.00,0.00,0.00,7days
peanuts in fresh,GENERIC,"Grocery-Dried Fruits, Nuts & Seeds",Peanuts,100-1K,849,3.79,3.74,B07MNFRFR3,B07KXGFGSS,1.53,0.00,0.00,0.00,4.30,0.00,7days
peanuts roasted unsalted,GENERIC,"Grocery-Dried Fruits, Nuts & Seeds",Peanuts,100-1K,1475,2.13,5.39,B08MBZS489,B07KXGFGSS,1.07,0.00,0.00,0.00,5.38,0.00,7days
talbina islamic breakfast,GENERIC,"Grocery-Dried Fruits, Nuts & Seeds",Others,100-1K,1823,11.34,33.00,B0BMLTPV26,B0B7Z4RFRR,23.45,0.85,1.10,0.00,4.57,0.00,7days
